WOONPLAATS,GEMEENTECODE,GEMEENTENAAM
's-Gravenhage,0518,'s-Gravenhage
's-Hertogenbosch,0796,'s-Hertogenbosch
Nuland,0796,'s-Hertogenbosch
Rosmalen,0796,'s-Hertogenbosch
Vinkel,0796,'s-Hertogenbosch
Amen,1680,Aa en Hunze
Anderen,1680,Aa en Hunze
Anloo,1680,Aa en Hunze
Annen,1680,Aa en Hunze
Annerveenschekanaal,1680,Aa en Hunze
Balloo,1680,Aa en Hunze
Balloerveld,1680,Aa en Hunze
Deurze,1680,Aa en Hunze
Eext,1680,Aa en Hunze
Eexterveen,1680,Aa en Hunze
Eexterveenschekanaal,1680,Aa en Hunze
Eexterzandvoort,1680,Aa en Hunze
Ekehaar,1680,Aa en Hunze
Eldersloo,1680,Aa en Hunze
Eleveld,1680,Aa en Hunze
Gasselte,1680,Aa en Hunze
Gasselternijveen,1680,Aa en Hunze
Gasselternijveenschemond,1680,Aa en Hunze
Gasteren,1680,Aa en Hunze
Geelbroek,1680,Aa en Hunze
Gieten,1680,Aa en Hunze
Gieterveen,1680,Aa en Hunze
Grolloo,1680,Aa en Hunze
Marwijksoord,1680,Aa en Hunze
Nieuw Annerveen,1680,Aa en Hunze
Nieuwediep,1680,Aa en Hunze
Nijlande,1680,Aa en Hunze
Nooitgedacht,1680,Aa en Hunze
Oud Annerveen,1680,Aa en Hunze
Papenvoort,1680,Aa en Hunze
Rolde,1680,Aa en Hunze
Schipborg,1680,Aa en Hunze
Schoonloo,1680,Aa en Hunze
Spijkerboor,1680,Aa en Hunze
Vredenheim,1680,Aa en Hunze
Aalsmeer,0358,Aalsmeer
Kudelstaart,0358,Aalsmeer
Aalten,0197,Aalten
Bredevoort,0197,Aalten
De Heurne,0197,Aalten
Dinxperlo,0197,Aalten
Augustinusga,0059,Achtkarspelen
Boelenslaan,0059,Achtkarspelen
Buitenpost,0059,Achtkarspelen
Drogeham,0059,Achtkarspelen
Gerkesklooster,0059,Achtkarspelen
Harkema,0059,Achtkarspelen
Kootstertille,0059,Achtkarspelen
Stroobos,0059,Achtkarspelen
Surhuisterveen,0059,Achtkarspelen
Surhuizum,0059,Achtkarspelen
Twijzel,0059,Achtkarspelen
Twijzelerheide,0059,Achtkarspelen
Alblasserdam,0482,Alblasserdam
Poortugaal,0613,Albrandswaard
Rhoon,0613,Albrandswaard
Rotterdam-Albrandswaard,0613,Albrandswaard
Alkmaar,0361,Alkmaar
De Rijp,0361,Alkmaar
Driehuizen,0361,Alkmaar
Graft,0361,Alkmaar
Grootschermer,0361,Alkmaar
Koedijk,0361,Alkmaar
Markenbinnen,0361,Alkmaar
Noordeinde,0361,Alkmaar
Oost-Graftdijk,0361,Alkmaar
Oterleek,0361,Alkmaar
Oudorp,0361,Alkmaar
Schermerhorn,0361,Alkmaar
Starnmeer,0361,Alkmaar
Stompetoren,0361,Alkmaar
Ursem,0361,Alkmaar
West-Graftdijk,0361,Alkmaar
Zuidschermer,0361,Alkmaar
Aadorp,0141,Almelo
Almelo,0141,Almelo
Bornerbroek,0141,Almelo
Almere,0034,Almere
Aarlanderveen,0484,Alphen aan den Rijn
Alphen aan den Rijn,0484,Alphen aan den Rijn
Benthuizen,0484,Alphen aan den Rijn
Boskoop,0484,Alphen aan den Rijn
Hazerswoude-Dorp,0484,Alphen aan den Rijn
Hazerswoude-Rijndijk,0484,Alphen aan den Rijn
Koudekerk aan den Rijn,0484,Alphen aan den Rijn
Zwammerdam,0484,Alphen aan den Rijn
Alphen,1723,Alphen-Chaam
Bavel AC,1723,Alphen-Chaam
Chaam,1723,Alphen-Chaam
Galder,1723,Alphen-Chaam
Strijbeek,1723,Alphen-Chaam
Ulvenhout AC,1723,Alphen-Chaam
Almkerk,1959,Altena
Andel,1959,Altena
Babylonienbroek,1959,Altena
Drongelen,1959,Altena
Dussen,1959,Altena
Eethen,1959,Altena
Genderen,1959,Altena
Giessen,1959,Altena
Hank,1959,Altena
Meeuwen,1959,Altena
Nieuwendijk,1959,Altena
Rijswijk (NB),1959,Altena
Sleeuwijk,1959,Altena
Uitwijk,1959,Altena
Veen,1959,Altena
Waardhuizen,1959,Altena
Werkendam,1959,Altena
Wijk en Aalburg,1959,Altena
Woudrichem,1959,Altena
Ballum,0060,Ameland
Buren,0060,Ameland
Hollum,0060,Ameland
Nes,0060,Ameland
Amersfoort,0307,Amersfoort
Hoogland,0307,Amersfoort
Hooglanderveen,0307,Amersfoort
Stoutenburg Noord,0307,Amersfoort
Amstelveen,0362,Amstelveen
Amsterdam,0363,Amsterdam
Amsterdam Zuidoost,0363,Amsterdam
Apeldoorn,0200,Apeldoorn
Beekbergen,0200,Apeldoorn
Beemte Broekland,0200,Apeldoorn
Hoenderloo,0200,Apeldoorn
Hoog Soeren,0200,Apeldoorn
Klarenbeek,0200,Apeldoorn
Lieren,0200,Apeldoorn
Loenen,0200,Apeldoorn
Radio Kootwijk,0200,Apeldoorn
Uddel,0200,Apeldoorn
Ugchelen,0200,Apeldoorn
Wenum Wiesel,0200,Apeldoorn
Appingedam,0003,Appingedam
Arnhem,0202,Arnhem
Assen,0106,Assen
Loon,0106,Assen
Rhee,0106,Assen
Ter Aard,0106,Assen
Ubbena,0106,Assen
Zeijerveen,0106,Assen
Zeijerveld,0106,Assen
Asten,0743,Asten
Heusden,0743,Asten
Ommel,0743,Asten
Baarle-Nassau,0744,Baarle-Nassau
Castelre,0744,Baarle-Nassau
Ulicoten,0744,Baarle-Nassau
Baarn,0308,Baarn
Lage Vuursche,0308,Baarn
Barendrecht,0489,Barendrecht
Achterveld,0203,Barneveld
Barneveld,0203,Barneveld
De Glind,0203,Barneveld
Garderen,0203,Barneveld
Kootwijk,0203,Barneveld
Kootwijkerbroek,0203,Barneveld
Stroe,0203,Barneveld
Terschuur,0203,Barneveld
Voorthuizen,0203,Barneveld
Zwartebroek,0203,Barneveld
Beek,0888,Beek
Maastricht-Airport,0888,Beek
Spaubeek,0888,Beek
Amstenrade,1954,Beekdaelen
Bingelrade,1954,Beekdaelen
Doenrade,1954,Beekdaelen
Hulsberg,1954,Beekdaelen
Jabeek,1954,Beekdaelen
Merkelbeek,1954,Beekdaelen
Nuth,1954,Beekdaelen
Oirsbeek,1954,Beekdaelen
Puth,1954,Beekdaelen
Schimmert,1954,Beekdaelen
Schinnen,1954,Beekdaelen
Schinveld,1954,Beekdaelen
Sweikhuizen,1954,Beekdaelen
Wijnandsrade,1954,Beekdaelen
Middenbeemster,0370,Beemster
Noordbeemster,0370,Beemster
Westbeemster,0370,Beemster
Zuidoostbeemster,0370,Beemster
Beesel,0889,Beesel
Reuver,0889,Beesel
Beek,1945,Berg en Dal
Berg en Dal,1945,Berg en Dal
Erlecom,1945,Berg en Dal
Groesbeek,1945,Berg en Dal
Heilig Landstichting,1945,Berg en Dal
Kekerdom,1945,Berg en Dal
Leuth,1945,Berg en Dal
Millingen aan de Rijn,1945,Berg en Dal
Ooij,1945,Berg en Dal
Persingen,1945,Berg en Dal
Ubbergen,1945,Berg en Dal
Bergeijk,1724,Bergeijk
Luyksgestel,1724,Bergeijk
Riethoven,1724,Bergeijk
Westerhoven,1724,Bergeijk
Afferden L,0893,Bergen (L.)
Bergen L,0893,Bergen (L.)
Siebengewald,0893,Bergen (L.)
Well L,0893,Bergen (L.)
Wellerlooi,0893,Bergen (L.)
Bergen (NH),0373,Bergen (NH.)
Bergen aan Zee,0373,Bergen (NH.)
Egmond aan Zee,0373,Bergen (NH.)
Egmond aan den Hoef,0373,Bergen (NH.)
Egmond-Binnen,0373,Bergen (NH.)
Groet,0373,Bergen (NH.)
Schoorl,0373,Bergen (NH.)
Bergen op Zoom,0748,Bergen op Zoom
Halsteren,0748,Bergen op Zoom
Lepelstraat,0748,Bergen op Zoom
Beltrum,1859,Berkelland
Borculo,1859,Berkelland
Eibergen,1859,Berkelland
Geesteren,1859,Berkelland
Gelselaar,1859,Berkelland
Haarlo,1859,Berkelland
Neede,1859,Berkelland
Rekken,1859,Berkelland
Rietmolen,1859,Berkelland
Ruurlo,1859,Berkelland
Heesch,1721,Bernheze
Heeswijk-Dinther,1721,Bernheze
Loosbroek,1721,Bernheze
Nistelrode,1721,Bernheze
Vinkel,1721,Bernheze
Vorstenbosch,1721,Bernheze
Best,0753,Best
Beuningen Gld,0209,Beuningen
Ewijk,0209,Beuningen
Weurt,0209,Beuningen
Winssen,0209,Beuningen
Beverwijk,0375,Beverwijk
Wijk aan Zee,0375,Beverwijk
Bladel,1728,Bladel
Casteren,1728,Bladel
Hapert,1728,Bladel
Hoogeloon,1728,Bladel
Netersel,1728,Bladel
Blaricum,0376,Blaricum
Aerdenhout,0377,Bloemendaal
Bennebroek,0377,Bloemendaal
Bloemendaal,0377,Bloemendaal
Overveen,0377,Bloemendaal
Vogelenzang,0377,Bloemendaal
Bodegraven,1901,Bodegraven-Reeuwijk
Driebruggen,1901,Bodegraven-Reeuwijk
Nieuwerbrug aan den Rijn,1901,Bodegraven-Reeuwijk
Reeuwijk,1901,Bodegraven-Reeuwijk
Waarder,1901,Bodegraven-Reeuwijk
Boekel,0755,Boekel
Venhorst,0755,Boekel
1e Exloermond,1681,Borger-Odoorn
2e Exloermond,1681,Borger-Odoorn
2e Valthermond,1681,Borger-Odoorn
Borger,1681,Borger-Odoorn
Bronneger,1681,Borger-Odoorn
Bronnegerveen,1681,Borger-Odoorn
Buinen,1681,Borger-Odoorn
Buinerveen,1681,Borger-Odoorn
Drouwen,1681,Borger-Odoorn
Drouwenermond,1681,Borger-Odoorn
Drouwenerveen,1681,Borger-Odoorn
Ees,1681,Borger-Odoorn
Eesergroen,1681,Borger-Odoorn
Eeserveen,1681,Borger-Odoorn
Ellertshaar,1681,Borger-Odoorn
Exloo,1681,Borger-Odoorn
Exloerveen,1681,Borger-Odoorn
Klijndijk,1681,Borger-Odoorn
Nieuw-Buinen,1681,Borger-Odoorn
Odoorn,1681,Borger-Odoorn
Odoornerveen,1681,Borger-Odoorn
Valthe,1681,Borger-Odoorn
Valthermond,1681,Borger-Odoorn
Westdorp,1681,Borger-Odoorn
Zandberg,1681,Borger-Odoorn
Borne,0147,Borne
Hertme,0147,Borne
Zenderen,0147,Borne
's-Gravenpolder,0654,Borsele
's-Heer Abtskerke,0654,Borsele
's-Heerenhoek,0654,Borsele
Baarland,0654,Borsele
Borssele,0654,Borsele
Driewegen,0654,Borsele
Ellewoutsdijk,0654,Borsele
Heinkenszand,0654,Borsele
Hoedekenskerke,0654,Borsele
Kwadendamme,0654,Borsele
Lewedorp,0654,Borsele
Nieuwdorp,0654,Borsele
Nisse,0654,Borsele
Oudelande,0654,Borsele
Ovezande,0654,Borsele
Beugen,0756,Boxmeer
Boxmeer,0756,Boxmeer
Groeningen,0756,Boxmeer
Holthees,0756,Boxmeer
Maashees,0756,Boxmeer
Oeffelt,0756,Boxmeer
Overloon,0756,Boxmeer
Rijkevoort,0756,Boxmeer
Sambeek,0756,Boxmeer
Vierlingsbeek,0756,Boxmeer
Vortum-Mullem,0756,Boxmeer
Boxtel,0757,Boxtel
Liempde,0757,Boxtel
Bavel,0758,Breda
Breda,0758,Breda
Prinsenbeek,0758,Breda
Teteringen,0758,Breda
Ulvenhout,0758,Breda
Brielle,0501,Brielle
Vierpolders,0501,Brielle
Zwartewaal,0501,Brielle
Baak,1876,Bronckhorst
Bronkhorst,1876,Bronckhorst
Drempt,1876,Bronckhorst
Halle,1876,Bronckhorst
Hengelo (Gld),1876,Bronckhorst
Hoog-Keppel,1876,Bronckhorst
Hummelo,1876,Bronckhorst
Keijenborg,1876,Bronckhorst
Laag-Keppel,1876,Bronckhorst
Olburgen,1876,Bronckhorst
Rha,1876,Bronckhorst
Steenderen,1876,Bronckhorst
Toldijk,1876,Bronckhorst
Vierakker,1876,Bronckhorst
Vorden,1876,Bronckhorst
Wichmond,1876,Bronckhorst
Zelhem,1876,Bronckhorst
Brummen,0213,Brummen
Eerbeek,0213,Brummen
Empe,0213,Brummen
Hall,0213,Brummen
Leuvenheim,0213,Brummen
Tonden,0213,Brummen
Brunssum,0899,Brunssum
Bunnik,0312,Bunnik
Odijk,0312,Bunnik
Werkhoven,0312,Bunnik
Bunschoten-Spakenburg,0313,Bunschoten
Eemdijk,0313,Bunschoten
Asch,0214,Buren
Beusichem,0214,Buren
Buren,0214,Buren
Buurmalsen,0214,Buren
Eck en Wiel,0214,Buren
Erichem,0214,Buren
Ingen,0214,Buren
Kapel-Avezaath,0214,Buren
Kerk-Avezaath,0214,Buren
Lienden,0214,Buren
Maurik,0214,Buren
Ommeren,0214,Buren
Ravenswaaij,0214,Buren
Rijswijk (GLD),0214,Buren
Zoelen,0214,Buren
Zoelmond,0214,Buren
Capelle aan den IJssel,0502,Capelle aan den IJssel
Akersloot,0383,Castricum
Castricum,0383,Castricum
Limmen,0383,Castricum
de Woude,0383,Castricum
't Haantje,0109,Coevorden
Aalden,0109,Coevorden
Benneveld,0109,Coevorden
Coevorden,0109,Coevorden
Dalen,0109,Coevorden
Dalerpeel,0109,Coevorden
Dalerveen,0109,Coevorden
De Kiel,0109,Coevorden
Diphoorn,0109,Coevorden
Erm,0109,Coevorden
Gees,0109,Coevorden
Geesbrug,0109,Coevorden
Holsloot,0109,Coevorden
Meppen,0109,Coevorden
Nieuwlande Coevorden,0109,Coevorden
Noord-Sleen,0109,Coevorden
Oosterhesselen,0109,Coevorden
Schoonoord,0109,Coevorden
Sleen,0109,Coevorden
Stieltjeskanaal,0109,Coevorden
Wachtum,0109,Coevorden
Wezup,0109,Coevorden
Wezuperbrug,0109,Coevorden
Zweeloo,0109,Coevorden
Zwinderen,0109,Coevorden
Budel,1706,Cranendonck
Budel-Dorplein,1706,Cranendonck
Budel-Schoot,1706,Cranendonck
Gastel,1706,Cranendonck
Maarheeze,1706,Cranendonck
Soerendonk,1706,Cranendonck
Beers NB,1684,Cuijk
Cuijk,1684,Cuijk
Haps,1684,Cuijk
Katwijk NB,1684,Cuijk
Linden,1684,Cuijk
Sint Agatha,1684,Cuijk
Vianen NB,1684,Cuijk
Culemborg,0216,Culemborg
Dalfsen,0148,Dalfsen
Lemelerveld,0148,Dalfsen
Nieuwleusen,0148,Dalfsen
Broeksterwald,1891,Dantumadiel
Damwald,1891,Dantumadiel
De Falom,1891,Dantumadiel
De Westereen,1891,Dantumadiel
Driezum,1891,Dantumadiel
Feanwalden,1891,Dantumadiel
Readtsjerk,1891,Dantumadiel
Rinsumageast,1891,Dantumadiel
Sibrandahus,1891,Dantumadiel
Walterswald,1891,Dantumadiel
Bilthoven,0310,De Bilt
De Bilt,0310,De Bilt
Groenekan,0310,De Bilt
Hollandsche Rading,0310,De Bilt
Maartensdijk,0310,De Bilt
Westbroek,0310,De Bilt
Akmarijp,1940,De Fryske Marren
Bakhuizen,1940,De Fryske Marren
Balk,1940,De Fryske Marren
Bantega,1940,De Fryske Marren
Boornzwaag,1940,De Fryske Marren
Broek,1940,De Fryske Marren
Delfstrahuizen,1940,De Fryske Marren
Dijken,1940,De Fryske Marren
Doniaga,1940,De Fryske Marren
Echten,1940,De Fryske Marren
Echtenerbrug,1940,De Fryske Marren
Eesterga,1940,De Fryske Marren
Elahuizen,1940,De Fryske Marren
Follega,1940,De Fryske Marren
Goingarijp,1940,De Fryske Marren
Harich,1940,De Fryske Marren
Haskerhorne,1940,De Fryske Marren
Idskenhuizen,1940,De Fryske Marren
Joure,1940,De Fryske Marren
Kolderwolde,1940,De Fryske Marren
Langweer,1940,De Fryske Marren
Legemeer,1940,De Fryske Marren
Lemmer,1940,De Fryske Marren
Mirns,1940,De Fryske Marren
Nijehaske,1940,De Fryske Marren
Nijemirdum,1940,De Fryske Marren
Oldeouwer,1940,De Fryske Marren
Oosterzee,1940,De Fryske Marren
Oudega,1940,De Fryske Marren
Oudehaske,1940,De Fryske Marren
Oudemirdum,1940,De Fryske Marren
Ouwster-Nijega,1940,De Fryske Marren
Ouwsterhaule,1940,De Fryske Marren
Rijs,1940,De Fryske Marren
Rohel,1940,De Fryske Marren
Rotstergaast,1940,De Fryske Marren
Rotsterhaule,1940,De Fryske Marren
Rottum,1940,De Fryske Marren
Ruigahuizen,1940,De Fryske Marren
Scharsterbrug,1940,De Fryske Marren
Sint Nicolaasga,1940,De Fryske Marren
Sintjohannesga,1940,De Fryske Marren
Sloten,1940,De Fryske Marren
Snikzwaag,1940,De Fryske Marren
Sondel,1940,De Fryske Marren
Terherne,1940,De Fryske Marren
Terkaple,1940,De Fryske Marren
Teroele,1940,De Fryske Marren
Tjerkgaast,1940,De Fryske Marren
Vegelinsoord,1940,De Fryske Marren
Wijckel,1940,De Fryske Marren
Abcoude,0736,De Ronde Venen
Amstelhoek,0736,De Ronde Venen
Baambrugge,0736,De Ronde Venen
Mijdrecht,0736,De Ronde Venen
Vinkeveen,0736,De Ronde Venen
Waverveen,0736,De Ronde Venen
Wilnis,0736,De Ronde Venen
de Hoef,0736,De Ronde Venen
Alteveer,1690,De Wolden
Ansen,1690,De Wolden
Drogteropslagen,1690,De Wolden
Echten,1690,De Wolden
Eursinge,1690,De Wolden
Kerkenveld,1690,De Wolden
Koekange,1690,De Wolden
Linde,1690,De Wolden
Ruinen,1690,De Wolden
Ruinerwold,1690,De Wolden
Veeningen,1690,De Wolden
Zuidwolde,1690,De Wolden
de Wijk,1690,De Wolden
Delft,0503,Delft
Bierum,0010,Delfzijl
Borgsweer,0010,Delfzijl
Delfzijl,0010,Delfzijl
Farmsum,0010,Delfzijl
Godlinze,0010,Delfzijl
Holwierde,0010,Delfzijl
Krewerd,0010,Delfzijl
Losdorp,0010,Delfzijl
Meedhuizen,0010,Delfzijl
Spijk,0010,Delfzijl
Termunten,0010,Delfzijl
Termunterzijl,0010,Delfzijl
Wagenborgen,0010,Delfzijl
Woldendorp,0010,Delfzijl
Den Helder,0400,Den Helder
Huisduinen,0400,Den Helder
Julianadorp,0400,Den Helder
Deurne,0762,Deurne
Helenaveen,0762,Deurne
Liessel,0762,Deurne
Neerkant,0762,Deurne
Vlierden,0762,Deurne
Bathmen,0150,Deventer
Colmschate,0150,Deventer
Deventer,0150,Deventer
Diepenveen,0150,Deventer
Lettele,0150,Deventer
Okkenbroek,0150,Deventer
Schalkhaar,0150,Deventer
Diemen,0384,Diemen
Agelo,1774,Dinkelland
Denekamp,1774,Dinkelland
Deurningen,1774,Dinkelland
Lattrop-Breklenkamp,1774,Dinkelland
Nutter,1774,Dinkelland
Ootmarsum,1774,Dinkelland
Oud Ootmarsum,1774,Dinkelland
Rossum,1774,Dinkelland
Saasveld,1774,Dinkelland
Tilligte,1774,Dinkelland
Weerselo,1774,Dinkelland
Doesburg,0221,Doesburg
Doetinchem,0222,Doetinchem
Gaanderen,0222,Doetinchem
Wehl,0222,Doetinchem
's Gravenmoer,0766,Dongen
Dongen,0766,Dongen
Dordrecht,0505,Dordrecht
Hem,0498,Drechterland
Hoogkarspel,0498,Drechterland
Oosterblokker,0498,Drechterland
Oosterleek,0498,Drechterland
Schellinkhout,0498,Drechterland
Venhuizen,0498,Drechterland
Westwoud,0498,Drechterland
Wijdenes,0498,Drechterland
Drimmelen,1719,Drimmelen
Hooge Zwaluwe,1719,Drimmelen
Lage Zwaluwe,1719,Drimmelen
Made,1719,Drimmelen
Terheijden,1719,Drimmelen
Wagenberg,1719,Drimmelen
Zevenbergschen Hoek,1719,Drimmelen
Biddinghuizen,0303,Dronten
Dronten,0303,Dronten
Swifterbant,0303,Dronten
Afferden,0225,Druten
Deest,0225,Druten
Druten,0225,Druten
Horssen,0225,Druten
Puiflijk,0225,Druten
Duiven,0226,Duiven
Groessen,0226,Duiven
Loo Gld,0226,Duiven
Echt,1711,Echt-Susteren
Koningsbosch,1711,Echt-Susteren
Maria Hoop,1711,Echt-Susteren
Nieuwstadt,1711,Echt-Susteren
Roosteren,1711,Echt-Susteren
Sint Joost,1711,Echt-Susteren
Susteren,1711,Echt-Susteren
Beets,0385,Edam-Volendam
Edam,0385,Edam-Volendam
Hobrede,0385,Edam-Volendam
Kwadijk,0385,Edam-Volendam
Middelie,0385,Edam-Volendam
Oosthuizen,0385,Edam-Volendam
Purmer,0385,Edam-Volendam
Schardam,0385,Edam-Volendam
Volendam,0385,Edam-Volendam
Warder,0385,Edam-Volendam
Bennekom,0228,Ede
De Klomp,0228,Ede
Deelen,0228,Ede
Ede,0228,Ede
Ederveen,0228,Ede
Harskamp,0228,Ede
Hoenderloo,0228,Ede
Lunteren,0228,Ede
Otterlo,0228,Ede
Wekerom,0228,Ede
Eemnes,0317,Eemnes
Duizel,0770,Eersel
Eersel,0770,Eersel
Knegsel,0770,Eersel
Steensel,0770,Eersel
Vessem,0770,Eersel
Wintelre,0770,Eersel
Banholt,1903,Eijsden-Margraten
Bemelen,1903,Eijsden-Margraten
Cadier en Keer,1903,Eijsden-Margraten
Eckelrade,1903,Eijsden-Margraten
Eijsden,1903,Eijsden-Margraten
Gronsveld,1903,Eijsden-Margraten
Margraten,1903,Eijsden-Margraten
Mheer,1903,Eijsden-Margraten
Noorbeek,1903,Eijsden-Margraten
Scheulder,1903,Eijsden-Margraten
Sint Geertruid,1903,Eijsden-Margraten
Eindhoven,0772,Eindhoven
't Harde,0230,Elburg
Doornspijk,0230,Elburg
Elburg,0230,Elburg
Barger-Compascuum,0114,Emmen
Emmen,0114,Emmen
Emmer-Compascuum,0114,Emmen
Erica,0114,Emmen
Klazienaveen,0114,Emmen
Klazienaveen-Noord,0114,Emmen
Nieuw-Amsterdam,0114,Emmen
Nieuw-Dordrecht,0114,Emmen
Nieuw-Schoonebeek,0114,Emmen
Nieuw-Weerdinge,0114,Emmen
Roswinkel,0114,Emmen
Schoonebeek,0114,Emmen
Veenoord,0114,Emmen
Weiteveen,0114,Emmen
Zandpol,0114,Emmen
Zwartemeer,0114,Emmen
Enkhuizen,0388,Enkhuizen
Enschede,0153,Enschede
Emst,0232,Epe
Epe,0232,Epe
Oene,0232,Epe
Vaassen,0232,Epe
Ermelo,0233,Ermelo
Etten-Leur,0777,Etten-Leur
Geertruidenberg,0779,Geertruidenberg
Raamsdonk,0779,Geertruidenberg
Raamsdonksveer,0779,Geertruidenberg
Geldrop,1771,Geldrop-Mierlo
Mierlo,1771,Geldrop-Mierlo
Bakel,1652,Gemert-Bakel
De Mortel,1652,Gemert-Bakel
De Rips,1652,Gemert-Bakel
Elsendorp,1652,Gemert-Bakel
Gemert,1652,Gemert-Bakel
Handel,1652,Gemert-Bakel
Milheeze,1652,Gemert-Bakel
Gennep,0907,Gennep
Heijen,0907,Gennep
Milsbeek,0907,Gennep
Ottersum,0907,Gennep
Ven-Zelderheide,0907,Gennep
Gilze,0784,Gilze en Rijen
Hulten,0784,Gilze en Rijen
Molenschot,0784,Gilze en Rijen
Rijen,0784,Gilze en Rijen
Achthuizen,1924,Goeree-Overflakkee
Den Bommel,1924,Goeree-Overflakkee
Dirksland,1924,Goeree-Overflakkee
Goedereede,1924,Goeree-Overflakkee
Herkingen,1924,Goeree-Overflakkee
Melissant,1924,Goeree-Overflakkee
Middelharnis,1924,Goeree-Overflakkee
Nieuwe-Tonge,1924,Goeree-Overflakkee
Ooltgensplaat,1924,Goeree-Overflakkee
Ouddorp,1924,Goeree-Overflakkee
Oude-Tonge,1924,Goeree-Overflakkee
Sommelsdijk,1924,Goeree-Overflakkee
Stad aan 't Haringvliet,1924,Goeree-Overflakkee
Stellendam,1924,Goeree-Overflakkee
's-Heer Arendskerke,0664,Goes
's-Heer Hendrikskinderen,0664,Goes
Goes,0664,Goes
Kattendijke,0664,Goes
Kloetinge,0664,Goes
Wilhelminadorp,0664,Goes
Wolphaartsdijk,0664,Goes
Goirle,0785,Goirle
Riel,0785,Goirle
Bussum,1942,Gooise Meren
Muiden,1942,Gooise Meren
Muiderberg,1942,Gooise Meren
Naarden,1942,Gooise Meren
Dalem,0512,Gorinchem
Gorinchem,0512,Gorinchem
Gouda,0513,Gouda
Escharen,0786,Grave
Gassel,0786,Grave
Grave,0786,Grave
Velp,0786,Grave
Garmerwolde,0014,Groningen
Glimmen,0014,Groningen
Groningen,0014,Groningen
Haren Gn,0014,Groningen
Harkstede GN,0014,Groningen
Lageland GN,0014,Groningen
Lellens,0014,Groningen
Meerstad,0014,Groningen
Noordlaren,0014,Groningen
Onnen,0014,Groningen
Sint Annen,0014,Groningen
Ten Boer,0014,Groningen
Ten Post,0014,Groningen
Thesinge,0014,Groningen
Winneweer,0014,Groningen
Woltersum,0014,Groningen
Beutenaken,1729,Gulpen-Wittem
Elkenrade,1729,Gulpen-Wittem
Epen,1729,Gulpen-Wittem
Eys,1729,Gulpen-Wittem
Gulpen,1729,Gulpen-Wittem
Heijenrath,1729,Gulpen-Wittem
Ingber,1729,Gulpen-Wittem
Mechelen,1729,Gulpen-Wittem
Reijmerstok,1729,Gulpen-Wittem
Slenaken,1729,Gulpen-Wittem
Wijlre,1729,Gulpen-Wittem
Wittem,1729,Gulpen-Wittem
Haaksbergen,0158,Haaksbergen
Biezenmortel,0788,Haaren
Esch,0788,Haaren
Haaren,0788,Haaren
Helvoirt,0788,Haaren
Haarlem,0392,Haarlem
Spaarndam gem. Haarlem,0392,Haarlem
Aalsmeerderbrug,0394,Haarlemmermeer
Abbenes,0394,Haarlemmermeer
Badhoevedorp,0394,Haarlemmermeer
Beinsdorp,0394,Haarlemmermeer
Boesingheliede,0394,Haarlemmermeer
Buitenkaag,0394,Haarlemmermeer
Burgerveen,0394,Haarlemmermeer
Cruquius,0394,Haarlemmermeer
Haarlemmerliede,0394,Haarlemmermeer
Halfweg,0394,Haarlemmermeer
Hoofddorp,0394,Haarlemmermeer
Leimuiderbrug,0394,Haarlemmermeer
Lijnden,0394,Haarlemmermeer
Lisserbroek,0394,Haarlemmermeer
Nieuw-Vennep,0394,Haarlemmermeer
Oude Meer,0394,Haarlemmermeer
Rijsenhout,0394,Haarlemmermeer
Rozenburg,0394,Haarlemmermeer
Schiphol,0394,Haarlemmermeer
Schiphol-Rijk,0394,Haarlemmermeer
Spaarndam,0394,Haarlemmermeer
Vijfhuizen,0394,Haarlemmermeer
Weteringbrug,0394,Haarlemmermeer
Zwaanshoek,0394,Haarlemmermeer
Zwanenburg,0394,Haarlemmermeer
Bosschenhoofd,1655,Halderberge
Hoeven,1655,Halderberge
Oud Gastel,1655,Halderberge
Oudenbosch,1655,Halderberge
Stampersgat,1655,Halderberge
Ane,0160,Hardenberg
Anerveen,0160,Hardenberg
Anevelde,0160,Hardenberg
Balkbrug,0160,Hardenberg
Bergentheim,0160,Hardenberg
Brucht,0160,Hardenberg
Bruchterveld,0160,Hardenberg
Collendoorn,0160,Hardenberg
De Krim,0160,Hardenberg
Dedemsvaart,0160,Hardenberg
Den Velde,0160,Hardenberg
Diffelen,0160,Hardenberg
Gramsbergen,0160,Hardenberg
Hardenberg,0160,Hardenberg
Heemserveen,0160,Hardenberg
Holtheme,0160,Hardenberg
Holthone,0160,Hardenberg
Hoogenweg,0160,Hardenberg
Kloosterhaar,0160,Hardenberg
Loozen,0160,Hardenberg
Lutten,0160,Hardenberg
Marienberg,0160,Hardenberg
Radewijk,0160,Hardenberg
Rheeze,0160,Hardenberg
Rheezerveen,0160,Hardenberg
Schuinesloot,0160,Hardenberg
Sibculo,0160,Hardenberg
Slagharen,0160,Hardenberg
Venebrugge,0160,Hardenberg
Harderwijk,0243,Harderwijk
Hierden,0243,Harderwijk
Hardinxveld-Giessendam,0523,Hardinxveld-Giessendam
Harlingen,0072,Harlingen
Midlum,0072,Harlingen
Wijnaldum,0072,Harlingen
Hattem,0244,Hattem
Heemskerk,0396,Heemskerk
Heemstede,0397,Heemstede
Heerde,0246,Heerde
Veessen,0246,Heerde
Vorchten,0246,Heerde
Wapenveld,0246,Heerde
Akkrum,0074,Heerenveen
Aldeboarn,0074,Heerenveen
Bontebok,0074,Heerenveen
De Knipe,0074,Heerenveen
Gersloot,0074,Heerenveen
Haskerdijken,0074,Heerenveen
Heerenveen,0074,Heerenveen
Hoornsterzwaag,0074,Heerenveen
Jubbega,0074,Heerenveen
Katlijk,0074,Heerenveen
Luinjeberd,0074,Heerenveen
Mildam,0074,Heerenveen
Nes,0074,Heerenveen
Nieuwebrug,0074,Heerenveen
Nieuwehorne,0074,Heerenveen
Nieuweschoot,0074,Heerenveen
Nijehaske,0074,Heerenveen
Oranjewoud,0074,Heerenveen
Oudehaske,0074,Heerenveen
Oudehorne,0074,Heerenveen
Oudeschoot,0074,Heerenveen
Terband,0074,Heerenveen
Tjalleberd,0074,Heerenveen
Heerhugowaard,0398,Heerhugowaard
Heerlen,0917,Heerlen
Hoensbroek,0917,Heerlen
Heeze,1658,Heeze-Leende
Leende,1658,Heeze-Leende
Sterksel,1658,Heeze-Leende
Heiloo,0399,Heiloo
Daarle,0163,Hellendoorn
Daarlerveen,0163,Hellendoorn
Haarle,0163,Hellendoorn
Hellendoorn,0163,Hellendoorn
Nijverdal,0163,Hellendoorn
Hellevoetsluis,0530,Hellevoetsluis
Oudenhoorn,0530,Hellevoetsluis
Helmond,0794,Helmond
Hendrik-Ido-Ambacht,0531,Hendrik-Ido-Ambacht
Hengelo,0164,Hengelo
Adorp,1966,Het Hogeland
Baflo,1966,Het Hogeland
Bedum,1966,Het Hogeland
Den Andel,1966,Het Hogeland
Eemshaven,1966,Het Hogeland
Eenrum,1966,Het Hogeland
Eppenhuizen,1966,Het Hogeland
Hornhuizen,1966,Het Hogeland
Houwerzijl,1966,Het Hogeland
Kantens,1966,Het Hogeland
Kloosterburen,1966,Het Hogeland
Lauwersoog,1966,Het Hogeland
Leens,1966,Het Hogeland
Mensingeweer,1966,Het Hogeland
Niekerk,1966,Het Hogeland
Noordwolde,1966,Het Hogeland
Oldenzijl,1966,Het Hogeland
Onderdendam,1966,Het Hogeland
Oosternieland,1966,Het Hogeland
Oudeschip,1966,Het Hogeland
Pieterburen,1966,Het Hogeland
Rasquert,1966,Het Hogeland
Roodeschool,1966,Het Hogeland
Rottum,1966,Het Hogeland
Saaxumhuizen,1966,Het Hogeland
Sauwerd,1966,Het Hogeland
Schouwerzijl,1966,Het Hogeland
Startenhuizen,1966,Het Hogeland
Stitswerd,1966,Het Hogeland
Tinallinge,1966,Het Hogeland
Uithuizen,1966,Het Hogeland
Uithuizermeeden,1966,Het Hogeland
Ulrum,1966,Het Hogeland
Usquert,1966,Het Hogeland
Vierhuizen,1966,Het Hogeland
Warffum,1966,Het Hogeland
Warfhuizen,1966,Het Hogeland
Wehe-den Hoorn,1966,Het Hogeland
Westernieland,1966,Het Hogeland
Wetsinge,1966,Het Hogeland
Winsum,1966,Het Hogeland
Zandeweer,1966,Het Hogeland
Zoutkamp,1966,Het Hogeland
Zuidwolde,1966,Het Hogeland
Zuurdijk,1966,Het Hogeland
Heumen,0252,Heumen
Malden,0252,Heumen
Nederasselt,0252,Heumen
Overasselt,0252,Heumen
Doeveren,0797,Heusden
Drunen,0797,Heusden
Elshout,0797,Heusden
HEUSDEN GEM HEUSDEN,0797,Heusden
Haarsteeg,0797,Heusden
Hedikhuizen,0797,Heusden
Heesbeen,0797,Heusden
Herpt,0797,Heusden
Heusden,0797,Heusden
Nieuwkuijk,0797,Heusden
Oudheusden,0797,Heusden
Vlijmen,0797,Heusden
Hillegom,0534,Hillegom
Biest-Houtakker,0798,Hilvarenbeek
Diessen,0798,Hilvarenbeek
Esbeek,0798,Hilvarenbeek
Haghorst,0798,Hilvarenbeek
Hilvarenbeek,0798,Hilvarenbeek
Hilversum,0402,Hilversum
's-Gravendeel,1963,Hoeksche Waard
Goudswaard,1963,Hoeksche Waard
Heinenoord,1963,Hoeksche Waard
Klaaswaal,1963,Hoeksche Waard
Maasdam,1963,Hoeksche Waard
Mijnsheerenland,1963,Hoeksche Waard
Mookhoek,1963,Hoeksche Waard
Nieuw-Beijerland,1963,Hoeksche Waard
Numansdorp,1963,Hoeksche Waard
Oud-Beijerland,1963,Hoeksche Waard
Piershil,1963,Hoeksche Waard
Puttershoek,1963,Hoeksche Waard
Strijen,1963,Hoeksche Waard
Strijensas,1963,Hoeksche Waard
Westmaas,1963,Hoeksche Waard
Zuid-Beijerland,1963,Hoeksche Waard
Ambt Delden,1735,Hof van Twente
Bentelo,1735,Hof van Twente
Delden,1735,Hof van Twente
Diepenheim,1735,Hof van Twente
Goor,1735,Hof van Twente
Hengevelde,1735,Hof van Twente
Markelo,1735,Hof van Twente
't Veld,1911,Hollands Kroon
Anna Paulowna,1911,Hollands Kroon
Barsingerhorn,1911,Hollands Kroon
Breezand,1911,Hollands Kroon
Den Oever,1911,Hollands Kroon
Haringhuizen,1911,Hollands Kroon
Hippolytushoef,1911,Hollands Kroon
Kolhorn,1911,Hollands Kroon
Kreileroord,1911,Hollands Kroon
Lutjewinkel,1911,Hollands Kroon
Middenmeer,1911,Hollands Kroon
Nieuwe Niedorp,1911,Hollands Kroon
Oude Niedorp,1911,Hollands Kroon
Slootdorp,1911,Hollands Kroon
Westerland,1911,Hollands Kroon
Wieringerwaard,1911,Hollands Kroon
Wieringerwerf,1911,Hollands Kroon
Winkel,1911,Hollands Kroon
Zijdewind,1911,Hollands Kroon
Alteveer gem Hoogeveen,0118,Hoogeveen
Elim,0118,Hoogeveen
Fluitenberg,0118,Hoogeveen
Hollandscheveld,0118,Hoogeveen
Hoogeveen,0118,Hoogeveen
Nieuweroord,0118,Hoogeveen
Nieuwlande,0118,Hoogeveen
Noordscheschut,0118,Hoogeveen
Pesse,0118,Hoogeveen
Stuifzand,0118,Hoogeveen
Tiendeveen,0118,Hoogeveen
Blokker,0405,Hoorn
Hoorn,0405,Hoorn
Zwaag,0405,Hoorn
America,1507,Horst aan de Maas
Broekhuizen,1507,Horst aan de Maas
Broekhuizenvorst,1507,Horst aan de Maas
Evertsoord,1507,Horst aan de Maas
Griendtsveen,1507,Horst aan de Maas
Grubbenvorst,1507,Horst aan de Maas
Hegelsom,1507,Horst aan de Maas
Horst,1507,Horst aan de Maas
Kronenberg,1507,Horst aan de Maas
Lottum,1507,Horst aan de Maas
Meerlo,1507,Horst aan de Maas
Melderslo,1507,Horst aan de Maas
Meterik,1507,Horst aan de Maas
Sevenum,1507,Horst aan de Maas
Swolgen,1507,Horst aan de Maas
Tienray,1507,Horst aan de Maas
't Goy,0321,Houten
Houten,0321,Houten
Schalkwijk,0321,Houten
Tull en 't Waal,0321,Houten
Huizen,0406,Huizen
Clinge,0677,Hulst
Graauw,0677,Hulst
Heikant,0677,Hulst
Hengstdijk,0677,Hulst
Hulst,0677,Hulst
Kapellebrug,0677,Hulst
Kloosterzande,0677,Hulst
Kuitaart,0677,Hulst
Lamswaarde,0677,Hulst
Nieuw Namen,0677,Hulst
Ossenisse,0677,Hulst
Sint Jansteen,0677,Hulst
Terhole,0677,Hulst
Vogelwaarde,0677,Hulst
Walsoorden,0677,Hulst
IJsselstein,0353,IJsselstein
Hoogmade,1884,Kaag en Braassem
Kaag,1884,Kaag en Braassem
Leimuiden,1884,Kaag en Braassem
Nieuwe Wetering,1884,Kaag en Braassem
Oud Ade,1884,Kaag en Braassem
Oude Wetering,1884,Kaag en Braassem
Rijnsaterwoude,1884,Kaag en Braassem
Rijpwetering,1884,Kaag en Braassem
Roelofarendsveen,1884,Kaag en Braassem
Woubrugge,1884,Kaag en Braassem
's-Heerenbroek,0166,Kampen
Grafhorst,0166,Kampen
IJsselmuiden,0166,Kampen
Kampen,0166,Kampen
Kamperveen,0166,Kampen
Mastenbroek,0166,Kampen
Wilsum,0166,Kampen
Zalk,0166,Kampen
Kapelle,0678,Kapelle
Kloetinge,0678,Kapelle
Schore,0678,Kapelle
Wemeldinge,0678,Kapelle
Katwijk,0537,Katwijk
Rijnsburg,0537,Katwijk
Valkenburg,0537,Katwijk
Eygelshoven,0928,Kerkrade
Kerkrade,0928,Kerkrade
Avenhorn,1598,Koggenland
Berkhout,1598,Koggenland
De Goorn,1598,Koggenland
Hensbroek,1598,Koggenland
Obdam,1598,Koggenland
Oudendijk,1598,Koggenland
Scharwoude,1598,Koggenland
Spierdijk,1598,Koggenland
Ursem,1598,Koggenland
Zuidermeer,1598,Koggenland
Krimpen aan den IJssel,0542,Krimpen aan den IJssel
Ammerstol,1931,Krimpenerwaard
Bergambacht,1931,Krimpenerwaard
Berkenwoude,1931,Krimpenerwaard
Gouderak,1931,Krimpenerwaard
Haastrecht,1931,Krimpenerwaard
Krimpen aan de Lek,1931,Krimpenerwaard
Lekkerkerk,1931,Krimpenerwaard
Ouderkerk aan den IJssel,1931,Krimpenerwaard
Schoonhoven,1931,Krimpenerwaard
Stolwijk,1931,Krimpenerwaard
Vlist,1931,Krimpenerwaard
Aarle-Rixtel,1659,Laarbeek
Beek en Donk,1659,Laarbeek
Lieshout,1659,Laarbeek
Mariahout,1659,Laarbeek
Reek,1685,Landerd
Schaijk,1685,Landerd
Zeeland,1685,Landerd
Landgraaf,0882,Landgraaf
Den Ilp,0415,Landsmeer
Landsmeer,0415,Landsmeer
Purmerland,0415,Landsmeer
Broek op Langedijk,0416,Langedijk
Koedijk,0416,Langedijk
Noord-Scharwoude,0416,Langedijk
Oudkarspel,0416,Langedijk
Sint Pancras,0416,Langedijk
Zuid-Scharwoude,0416,Langedijk
Bergschenhoek,1621,Lansingerland
Berkel en Rodenrijs,1621,Lansingerland
Bleiswijk,1621,Lansingerland
Laren,0417,Laren
Alde Leie,0080,Leeuwarden
Baard,0080,Leeuwarden
Bears,0080,Leeuwarden
Britsum,0080,Leeuwarden
Eagum,0080,Leeuwarden
Easterlittens,0080,Leeuwarden
Feinsum,0080,Leeuwarden
Friens,0080,Leeuwarden
Goutum,0080,Leeuwarden
Grou,0080,Leeuwarden
Hempens,0080,Leeuwarden
Hijum,0080,Leeuwarden
Hilaard,0080,Leeuwarden
Huns,0080,Leeuwarden
Idaerd,0080,Leeuwarden
Jellum,0080,Leeuwarden
Jelsum,0080,Leeuwarden
Jirnsum,0080,Leeuwarden
Jorwert,0080,Leeuwarden
Koarnjum,0080,Leeuwarden
Leeuwarden,0080,Leeuwarden
Lekkum,0080,Leeuwarden
Leons,0080,Leeuwarden
Mantgum,0080,Leeuwarden
Miedum,0080,Leeuwarden
Reduzum,0080,Leeuwarden
Snakkerburen,0080,Leeuwarden
Stiens,0080,Leeuwarden
Swichum,0080,Leeuwarden
Teerns,0080,Leeuwarden
Warstiens,0080,Leeuwarden
Warten,0080,Leeuwarden
Weidum,0080,Leeuwarden
Wergea,0080,Leeuwarden
Wirdum,0080,Leeuwarden
Wytgaard,0080,Leeuwarden
Leiden,0546,Leiden
Leiderdorp,0547,Leiderdorp
Leidschendam,1916,Leidschendam-Voorburg
Voorburg,1916,Leidschendam-Voorburg
Lelystad,0995,Lelystad
Baexem,1640,Leudal
Buggenum,1640,Leudal
Ell,1640,Leudal
Grathem,1640,Leudal
Haelen,1640,Leudal
Haler,1640,Leudal
Heibloem,1640,Leudal
Heythuysen,1640,Leudal
Horn,1640,Leudal
Hunsel,1640,Leudal
Ittervoort,1640,Leudal
Kelpen-Oler,1640,Leudal
Neer,1640,Leudal
Neeritter,1640,Leudal
Nunhem,1640,Leudal
Roggel,1640,Leudal
Achterveld,0327,Leusden
Leusden,0327,Leusden
Stoutenburg,0327,Leusden
Angeren,1705,Lingewaard
Bemmel,1705,Lingewaard
Doornenburg,1705,Lingewaard
Gendt,1705,Lingewaard
Haalderen,1705,Lingewaard
Huissen,1705,Lingewaard
Loo Gld,1705,Lingewaard
Ressen,1705,Lingewaard
Lisse,0553,Lisse
Almen,0262,Lochem
Barchem,0262,Lochem
Eefde,0262,Lochem
Epse,0262,Lochem
Gorssel,0262,Lochem
Harfsen,0262,Lochem
Joppe,0262,Lochem
Kring van Dorth,0262,Lochem
Laren,0262,Lochem
Lochem,0262,Lochem
De Moer,0809,Loon op Zand
Kaatsheuvel,0809,Loon op Zand
Loon op Zand,0809,Loon op Zand
Benschop,0331,Lopik
Jaarsveld,0331,Lopik
Lopik,0331,Lopik
Lopikerkapel,0331,Lopik
Polsbroek,0331,Lopik
't Zandt,0024,Loppersum
Eenum,0024,Loppersum
Garrelsweer,0024,Loppersum
Garsthuizen,0024,Loppersum
Huizinge,0024,Loppersum
Leermens,0024,Loppersum
Loppersum,0024,Loppersum
Middelstum,0024,Loppersum
Oosterwijtwerd,0024,Loppersum
Startenhuizen,0024,Loppersum
Stedum,0024,Loppersum
Toornwerd,0024,Loppersum
Westeremden,0024,Loppersum
Westerwijtwerd,0024,Loppersum
Wirdum,0024,Loppersum
Zeerijp,0024,Loppersum
Zijldijk,0024,Loppersum
Beuningen,0168,Losser
Glane,0168,Losser
Losser,0168,Losser
Overdinkel,0168,Losser
de Lutte,0168,Losser
Alem,0263,Maasdriel
Ammerzoden,0263,Maasdriel
Hedel,0263,Maasdriel
Heerewaarden,0263,Maasdriel
Hoenzadriel,0263,Maasdriel
Hurwenen,0263,Maasdriel
Kerkdriel,0263,Maasdriel
Rossum,0263,Maasdriel
Velddriel,0263,Maasdriel
Well,0263,Maasdriel
Beegden,1641,Maasgouw
Heel,1641,Maasgouw
Linne,1641,Maasgouw
Maasbracht,1641,Maasgouw
Ohe en Laak,1641,Maasgouw
Stevensweert,1641,Maasgouw
Thorn,1641,Maasgouw
Wessem,1641,Maasgouw
Maassluis,0556,Maassluis
Maastricht,0935,Maastricht
Abbekerk,0420,Medemblik
Andijk,0420,Medemblik
Benningbroek,0420,Medemblik
Hauwert,0420,Medemblik
Lambertschaag,0420,Medemblik
Medemblik,0420,Medemblik
Midwoud,0420,Medemblik
Nibbixwoud,0420,Medemblik
Oostwoud,0420,Medemblik
Opperdoes,0420,Medemblik
Sijbekarspel,0420,Medemblik
Twisk,0420,Medemblik
Wervershoof,0420,Medemblik
Wognum,0420,Medemblik
Zwaagdijk-Oost,0420,Medemblik
Zwaagdijk-West,0420,Medemblik
Bunde,0938,Meerssen
Geulle,0938,Meerssen
Meerssen,0938,Meerssen
Moorveld,0938,Meerssen
Ulestraten,0938,Meerssen
Erp,1948,Meierijstad
Schijndel,1948,Meierijstad
Sint-Oedenrode,1948,Meierijstad
Veghel,1948,Meierijstad
Broekhuizen,0119,Meppel
De Schiphorst,0119,Meppel
Meppel,0119,Meppel
Nijeveen,0119,Meppel
Rogat,0119,Meppel
Arnemuiden,0687,Middelburg
Middelburg,0687,Middelburg
Nieuw- en Sint Joosland,0687,Middelburg
Den Hoorn,1842,Midden-Delfland
Maasland,1842,Midden-Delfland
Schipluiden,1842,Midden-Delfland
Balinge,1731,Midden-Drenthe
Beilen,1731,Midden-Drenthe
Bovensmilde,1731,Midden-Drenthe
Bruntinge,1731,Midden-Drenthe
Drijber,1731,Midden-Drenthe
Elp,1731,Midden-Drenthe
Eursinge,1731,Midden-Drenthe
Garminge,1731,Midden-Drenthe
Hijken,1731,Midden-Drenthe
Hoogersmilde,1731,Midden-Drenthe
Hooghalen,1731,Midden-Drenthe
Mantinge,1731,Midden-Drenthe
Nieuw-Balinge,1731,Midden-Drenthe
Nieuweroord,1731,Midden-Drenthe
Oranje,1731,Midden-Drenthe
Orvelte,1731,Midden-Drenthe
Smilde,1731,Midden-Drenthe
Spier,1731,Midden-Drenthe
Stuifzand,1731,Midden-Drenthe
Tiendeveen,1731,Midden-Drenthe
Westerbork,1731,Midden-Drenthe
Wijster,1731,Midden-Drenthe
Witteveen,1731,Midden-Drenthe
Zuidveld,1731,Midden-Drenthe
Zwiggelte,1731,Midden-Drenthe
Borgercompagnie,1952,Midden-Groningen
Foxhol,1952,Midden-Groningen
Froombosch,1952,Midden-Groningen
Harkstede,1952,Midden-Groningen
Hellum,1952,Midden-Groningen
Hoogezand,1952,Midden-Groningen
Kiel-Windeweer,1952,Midden-Groningen
Kolham,1952,Midden-Groningen
Kropswolde,1952,Midden-Groningen
Lageland,1952,Midden-Groningen
Luddeweer,1952,Midden-Groningen
Meeden,1952,Midden-Groningen
Muntendam,1952,Midden-Groningen
Noordbroek,1952,Midden-Groningen
Overschild,1952,Midden-Groningen
Sappemeer,1952,Midden-Groningen
Scharmer,1952,Midden-Groningen
Schildwolde,1952,Midden-Groningen
Siddeburen,1952,Midden-Groningen
Slochteren,1952,Midden-Groningen
Steendam,1952,Midden-Groningen
Tjuchem,1952,Midden-Groningen
Tripscompagnie,1952,Midden-Groningen
Waterhuizen,1952,Midden-Groningen
Westerbroek,1952,Midden-Groningen
Woudbloem,1952,Midden-Groningen
Zuidbroek,1952,Midden-Groningen
Langenboom,0815,Mill en Sint Hubert
Mill,0815,Mill en Sint Hubert
Sint Hubert,0815,Mill en Sint Hubert
Wilbertoord,0815,Mill en Sint Hubert
Fijnaart,1709,Moerdijk
Heijningen,1709,Moerdijk
Klundert,1709,Moerdijk
Langeweg,1709,Moerdijk
Moerdijk,1709,Moerdijk
Noordhoek,1709,Moerdijk
Oudemolen,1709,Moerdijk
Standdaarbuiten,1709,Moerdijk
Willemstad,1709,Moerdijk
Zevenbergen,1709,Moerdijk
Zevenbergschen Hoek,1709,Moerdijk
Arkel,1978,Molenlanden
Bleskensgraaf ca,1978,Molenlanden
Brandwijk,1978,Molenlanden
Giessenburg,1978,Molenlanden
Goudriaan,1978,Molenlanden
Groot-Ammers,1978,Molenlanden
Hoogblokland,1978,Molenlanden
Hoornaar,1978,Molenlanden
Kinderdijk,1978,Molenlanden
Langerak,1978,Molenlanden
Molenaarsgraaf,1978,Molenlanden
Nieuw-Lekkerland,1978,Molenlanden
Nieuwpoort,1978,Molenlanden
Noordeloos,1978,Molenlanden
Ottoland,1978,Molenlanden
Oud-Alblas,1978,Molenlanden
Schelluinen,1978,Molenlanden
Streefkerk,1978,Molenlanden
Waal,1978,Molenlanden
Wijngaarden,1978,Molenlanden
's-Heerenberg,1955,Montferland
Azewijn,1955,Montferland
Beek,1955,Montferland
Braamt,1955,Montferland
Didam,1955,Montferland
Kilder,1955,Montferland
Lengel,1955,Montferland
Loerbeek,1955,Montferland
Stokkum,1955,Montferland
Vethuizen,1955,Montferland
Wijnbergen,1955,Montferland
Zeddam,1955,Montferland
Linschoten,0335,Montfoort
Montfoort,0335,Montfoort
Middelaar,0944,Mook en Middelaar
Molenhoek,0944,Mook en Middelaar
Mook,0944,Mook en Middelaar
Plasmolen,0944,Mook en Middelaar
Dodewaard,1740,Neder-Betuwe
Echteld,1740,Neder-Betuwe
IJzendoorn,1740,Neder-Betuwe
Kesteren,1740,Neder-Betuwe
Ochten,1740,Neder-Betuwe
Opheusden,1740,Neder-Betuwe
Leveroy,0946,Nederweert
Nederweert,0946,Nederweert
Nederweert-Eind,0946,Nederweert
Ospel,0946,Nederweert
Nieuwegein,0356,Nieuwegein
Nieuwkoop,0569,Nieuwkoop
Nieuwveen,0569,Nieuwkoop
Noorden,0569,Nieuwkoop
Ter Aar,0569,Nieuwkoop
Vrouwenakker,0569,Nieuwkoop
Woerdense Verlaat,0569,Nieuwkoop
Zevenhoven,0569,Nieuwkoop
Hoevelaken,0267,Nijkerk
Nijkerk,0267,Nijkerk
Nijkerkerveen,0267,Nijkerk
Lent,0268,Nijmegen
Nijmegen,0268,Nijmegen
Abbenbroek,1930,Nissewaard
Geervliet,1930,Nissewaard
Heenvliet,1930,Nissewaard
Hekelingen,1930,Nissewaard
Simonshaven,1930,Nissewaard
Spijkenisse,1930,Nissewaard
Zuidland,1930,Nissewaard
Aalsum,1970,Noardeast-Fryslan
Anjum,1970,Noardeast-Fryslan
Augsbuurt,1970,Noardeast-Fryslan
Blije,1970,Noardeast-Fryslan
Bornwird,1970,Noardeast-Fryslan
Brantgum,1970,Noardeast-Fryslan
Burdaard,1970,Noardeast-Fryslan
Burum,1970,Noardeast-Fryslan
Dokkum,1970,Noardeast-Fryslan
Ee,1970,Noardeast-Fryslan
Engwierum,1970,Noardeast-Fryslan
Ferwert,1970,Noardeast-Fryslan
Foudgum,1970,Noardeast-Fryslan
Ginnum,1970,Noardeast-Fryslan
Hallum,1970,Noardeast-Fryslan
Hantum,1970,Noardeast-Fryslan
Hantumeruitburen,1970,Noardeast-Fryslan
Hantumhuizen,1970,Noardeast-Fryslan
Hegebeintum,1970,Noardeast-Fryslan
Hiaure,1970,Noardeast-Fryslan
Holwerd,1970,Noardeast-Fryslan
Jannum,1970,Noardeast-Fryslan
Jislum,1970,Noardeast-Fryslan
Jouswier,1970,Noardeast-Fryslan
Kollum,1970,Noardeast-Fryslan
Kollumerpomp,1970,Noardeast-Fryslan
Kollumerzwaag,1970,Noardeast-Fryslan
Lichtaard,1970,Noardeast-Fryslan
Lioessens,1970,Noardeast-Fryslan
Marrum,1970,Noardeast-Fryslan
Metslawier,1970,Noardeast-Fryslan
Moddergat,1970,Noardeast-Fryslan
Morra,1970,Noardeast-Fryslan
Munnekezijl,1970,Noardeast-Fryslan
Nes,1970,Noardeast-Fryslan
Niawier,1970,Noardeast-Fryslan
Oosternijkerk,1970,Noardeast-Fryslan
Oostrum,1970,Noardeast-Fryslan
Oudwoude,1970,Noardeast-Fryslan
Paesens,1970,Noardeast-Fryslan
Raard,1970,Noardeast-Fryslan
Reitsum,1970,Noardeast-Fryslan
Ternaard,1970,Noardeast-Fryslan
Triemen,1970,Noardeast-Fryslan
Veenklooster,1970,Noardeast-Fryslan
Waaxens,1970,Noardeast-Fryslan
Warfstermolen,1970,Noardeast-Fryslan
Westergeest,1970,Noardeast-Fryslan
Wetsens,1970,Noardeast-Fryslan
Wierum,1970,Noardeast-Fryslan
Wanswert,1970,Noardeast-Fryslan
Zwagerbosch,1970,Noardeast-Fryslan
Colijnsplaat,1695,Noord-Beveland
Geersdijk,1695,Noord-Beveland
Kamperland,1695,Noord-Beveland
Kats,1695,Noord-Beveland
Kortgene,1695,Noord-Beveland
Wissenkerke,1695,Noord-Beveland
Alteveer,1699,Noordenveld
Een,1699,Noordenveld
Een-West,1699,Noordenveld
Foxwolde,1699,Noordenveld
Huis ter Heide,1699,Noordenveld
Langelo,1699,Noordenveld
Leutingewolde,1699,Noordenveld
Lieveren,1699,Noordenveld
Matsloot,1699,Noordenveld
Nietap,1699,Noordenveld
Nieuw-Roden,1699,Noordenveld
Norg,1699,Noordenveld
Peest,1699,Noordenveld
Peize,1699,Noordenveld
Roden,1699,Noordenveld
Roderesch,1699,Noordenveld
Roderwolde,1699,Noordenveld
Steenbergen,1699,Noordenveld
Veenhuizen,1699,Noordenveld
Westervelde,1699,Noordenveld
Zuidvelde,1699,Noordenveld
Bant,0171,Noordoostpolder
Creil,0171,Noordoostpolder
Emmeloord,0171,Noordoostpolder
Ens,0171,Noordoostpolder
Espel,0171,Noordoostpolder
Kraggenburg,0171,Noordoostpolder
Luttelgeest,0171,Noordoostpolder
Marknesse,0171,Noordoostpolder
Nagele,0171,Noordoostpolder
Rutten,0171,Noordoostpolder
Schokland,0171,Noordoostpolder
Tollebeek,0171,Noordoostpolder
De Zilk,0575,Noordwijk
Noordwijk,0575,Noordwijk
Noordwijkerhout,0575,Noordwijk
Nuenen,0820,"Nuenen, Gerwen en Nederwetten"
Elspeet,0302,Nunspeet
Hulshorst,0302,Nunspeet
Nunspeet,0302,Nunspeet
Vierhouten,0302,Nunspeet
Oegstgeest,0579,Oegstgeest
Oirschot,0823,Oirschot
Oost West en Middelbeers,0823,Oirschot
Heukelom,0824,Oisterwijk
Moergestel,0824,Oisterwijk
Oisterwijk,0824,Oisterwijk
't Waar,1895,Oldambt
Bad Nieuweschans,1895,Oldambt
Beerta,1895,Oldambt
Blauwestad,1895,Oldambt
Drieborg,1895,Oldambt
Finsterwolde,1895,Oldambt
Heiligerlee,1895,Oldambt
Midwolda,1895,Oldambt
Nieuw Beerta,1895,Oldambt
Nieuw Scheemda,1895,Oldambt
Nieuwolda,1895,Oldambt
Oostwold,1895,Oldambt
Oudezijl,1895,Oldambt
Scheemda,1895,Oldambt
Westerlee,1895,Oldambt
Winschoten,1895,Oldambt
't Loo Oldebroek,0269,Oldebroek
Hattemerbroek,0269,Oldebroek
Noordeinde Gld,0269,Oldebroek
Oldebroek,0269,Oldebroek
Oosterwolde Gld,0269,Oldebroek
Wezep,0269,Oldebroek
Deurningen,0173,Oldenzaal
Oldenzaal,0173,Oldenzaal
Marle,1773,Olst-Wijhe
Olst,1773,Olst-Wijhe
Welsum,1773,Olst-Wijhe
Wesepe,1773,Olst-Wijhe
Wijhe,1773,Olst-Wijhe
Arrien,0175,Ommen
Beerze,0175,Ommen
Beerzerveld,0175,Ommen
Dalmsholte,0175,Ommen
Giethmen,0175,Ommen
Lemele,0175,Ommen
Ommen,0175,Ommen
Stegeren,0175,Ommen
Vilsteren,0175,Ommen
Vinkenbuurt,0175,Ommen
Witharen,0175,Ommen
Groenlo,1586,Oost Gelre
Harreveld,1586,Oost Gelre
Lichtenvoorde,1586,Oost Gelre
Lievelde,1586,Oost Gelre
Marienvelde,1586,Oost Gelre
Vragender,1586,Oost Gelre
Zieuwent,1586,Oost Gelre
Den Hout,0826,Oosterhout
Dorst,0826,Oosterhout
Oosteind,0826,Oosterhout
Oosterhout,0826,Oosterhout
Appelscha,0085,Ooststellingwerf
Donkerbroek,0085,Ooststellingwerf
Elsloo,0085,Ooststellingwerf
Fochteloo,0085,Ooststellingwerf
Haule,0085,Ooststellingwerf
Haulerwijk,0085,Ooststellingwerf
Langedijke,0085,Ooststellingwerf
Makkinga,0085,Ooststellingwerf
Nijeberkoop,0085,Ooststellingwerf
Oldeberkoop,0085,Ooststellingwerf
Oosterwolde,0085,Ooststellingwerf
Ravenswoud,0085,Ooststellingwerf
Waskemeer,0085,Ooststellingwerf
Oostzaan,0431,Oostzaan
Aartswoud,0432,Opmeer
De Weere,0432,Opmeer
Hoogwoud,0432,Opmeer
Opmeer,0432,Opmeer
Spanbroek,0432,Opmeer
Bakkeveen,0086,Opsterland
Beetsterzwaag,0086,Opsterland
Drachten-Azeven,0086,Opsterland
Frieschepalen,0086,Opsterland
Gorredijk,0086,Opsterland
Hemrik,0086,Opsterland
Jonkerslan,0086,Opsterland
Langezwaag,0086,Opsterland
Lippenhuizen,0086,Opsterland
Luxwoude,0086,Opsterland
Nij Beets,0086,Opsterland
Olterterp,0086,Opsterland
Siegerswoude,0086,Opsterland
Terwispel,0086,Opsterland
Tijnje,0086,Opsterland
Ureterp,0086,Opsterland
Wijnjewoude,0086,Opsterland
Berghem,0828,Oss
Demen,0828,Oss
Deursen-Dennenburg,0828,Oss
Dieden,0828,Oss
Geffen,0828,Oss
Haren,0828,Oss
Herpen,0828,Oss
Huisseling,0828,Oss
Keent,0828,Oss
Koolwijk,0828,Oss
Lith,0828,Oss
Lithoijen,0828,Oss
Macharen,0828,Oss
Maren-Kessel,0828,Oss
Megen,0828,Oss
Neerlangel,0828,Oss
Neerloon,0828,Oss
Oijen,0828,Oss
Oss,0828,Oss
Overlangel,0828,Oss
Ravenstein,0828,Oss
Teeffelen,0828,Oss
Breedenbroek,1509,Oude IJsselstreek
Etten,1509,Oude IJsselstreek
Gendringen,1509,Oude IJsselstreek
Heelweg,1509,Oude IJsselstreek
Megchelen,1509,Oude IJsselstreek
Netterden,1509,Oude IJsselstreek
Silvolde,1509,Oude IJsselstreek
Sinderen,1509,Oude IJsselstreek
Terborg,1509,Oude IJsselstreek
Ulft,1509,Oude IJsselstreek
Varsselder,1509,Oude IJsselstreek
Varsseveld,1509,Oude IJsselstreek
Voorst,1509,Oude IJsselstreek
Westendorp,1509,Oude IJsselstreek
Amsterdam-Duivendrecht,0437,Ouder-Amstel
Duivendrecht,0437,Ouder-Amstel
Ouderkerk aan de Amstel,0437,Ouder-Amstel
Hekendorp,0589,Oudewater
Oudewater,0589,Oudewater
Papekop,0589,Oudewater
Snelrewaard,0589,Oudewater
Andelst,1734,Overbetuwe
Driel,1734,Overbetuwe
Elst,1734,Overbetuwe
Hemmen,1734,Overbetuwe
Herveld,1734,Overbetuwe
Heteren,1734,Overbetuwe
Homoet,1734,Overbetuwe
Oosterhout,1734,Overbetuwe
Randwijk,1734,Overbetuwe
Slijk-Ewijk,1734,Overbetuwe
Valburg,1734,Overbetuwe
Zetten,1734,Overbetuwe
Papendrecht,0590,Papendrecht
Baarlo,1894,Peel en Maas
Beringe,1894,Peel en Maas
Egchel,1894,Peel en Maas
Grashoek,1894,Peel en Maas
Helden,1894,Peel en Maas
Kessel,1894,Peel en Maas
Koningslust,1894,Peel en Maas
Maasbree,1894,Peel en Maas
Meijel,1894,Peel en Maas
Panningen,1894,Peel en Maas
Nieuwe Pekela,0765,Pekela
Oude Pekela,0765,Pekela
Delfgauw,1926,Pijnacker-Nootdorp
Nootdorp,1926,Pijnacker-Nootdorp
Pijnacker,1926,Pijnacker-Nootdorp
Purmerend,0439,Purmerend
Putten,0273,Putten
Broekland,0177,Raalte
Heeten,0177,Raalte
Heino,0177,Raalte
Laag Zuthem,0177,Raalte
Lierderholthuis,0177,Raalte
Luttenberg,0177,Raalte
Marienheem,0177,Raalte
Nieuw Heeten,0177,Raalte
Raalte,0177,Raalte
Hansweert,0703,Reimerswaal
Krabbendijke,0703,Reimerswaal
Kruiningen,0703,Reimerswaal
Oostdijk,0703,Reimerswaal
Rilland,0703,Reimerswaal
Waarde,0703,Reimerswaal
Yerseke,0703,Reimerswaal
Doorwerth,0274,Renkum
Heelsum,0274,Renkum
Heveadorp,0274,Renkum
Oosterbeek,0274,Renkum
Renkum,0274,Renkum
Wolfheze,0274,Renkum
Renswoude,0339,Renswoude
Hooge Mierde,1667,Reusel-De Mierden
Hulsel,1667,Reusel-De Mierden
Lage Mierde,1667,Reusel-De Mierden
Reusel,1667,Reusel-De Mierden
De Steeg,0275,Rheden
Dieren,0275,Rheden
Ellecom,0275,Rheden
Laag-Soeren,0275,Rheden
Rheden,0275,Rheden
Spankeren,0275,Rheden
Velp,0275,Rheden
Elst Ut,0340,Rhenen
Rhenen,0340,Rhenen
Ridderkerk,0597,Ridderkerk
Holten,1742,Rijssen-Holten
Rijssen,1742,Rijssen-Holten
Rijswijk,0603,Rijswijk
Herkenbosch,1669,Roerdalen
Melick,1669,Roerdalen
Montfort,1669,Roerdalen
Posterholt,1669,Roerdalen
Sint Odilienberg,1669,Roerdalen
Vlodrop,1669,Roerdalen
Herten,0957,Roermond
Roermond,0957,Roermond
Swalmen,0957,Roermond
Heerle,1674,Roosendaal
Moerstraten,1674,Roosendaal
Nispen,1674,Roosendaal
Roosendaal,1674,Roosendaal
Wouw,1674,Roosendaal
Wouwse Plantage,1674,Roosendaal
Botlek Rotterdam,0599,Rotterdam
Europoort Rotterdam,0599,Rotterdam
Hoek van Holland,0599,Rotterdam
Hoogvliet Rotterdam,0599,Rotterdam
Maasvlakte Rotterdam,0599,Rotterdam
Pernis Rotterdam,0599,Rotterdam
Rotterdam,0599,Rotterdam
Rozenburg,0599,Rotterdam
Vondelingenplaat Rotterdam,0599,Rotterdam
Rozendaal,0277,Rozendaal
Rucphen,0840,Rucphen
Schijf,0840,Rucphen
Sprundel,0840,Rucphen
St. Willebrord,0840,Rucphen
Zegge,0840,Rucphen
't Zand,0441,Schagen
Burgerbrug,0441,Schagen
Callantsoog,0441,Schagen
Dirkshorn,0441,Schagen
Oudesluis,0441,Schagen
Oudkarspel,0441,Schagen
Petten,0441,Schagen
Schagen,0441,Schagen
Schagerbrug,0441,Schagen
Sint Maarten,0441,Schagen
Sint Maartensbrug,0441,Schagen
Sint Maartensvlotbrug,0441,Schagen
Tuitjenhorn,0441,Schagen
Waarland,0441,Schagen
Warmenhuizen,0441,Schagen
Scherpenzeel,0279,Scherpenzeel
Schiedam,0606,Schiedam
Schiermonnikoog,0088,Schiermonnikoog
Brouwershaven,1676,Schouwen-Duiveland
Bruinisse,1676,Schouwen-Duiveland
Burgh-Haamstede,1676,Schouwen-Duiveland
Dreischor,1676,Schouwen-Duiveland
Ellemeet,1676,Schouwen-Duiveland
Kerkwerve,1676,Schouwen-Duiveland
Nieuwerkerk,1676,Schouwen-Duiveland
Noordgouwe,1676,Schouwen-Duiveland
Noordwelle,1676,Schouwen-Duiveland
Oosterland,1676,Schouwen-Duiveland
Ouwerkerk,1676,Schouwen-Duiveland
Renesse,1676,Schouwen-Duiveland
Scharendijke,1676,Schouwen-Duiveland
Serooskerke,1676,Schouwen-Duiveland
Sirjansland,1676,Schouwen-Duiveland
Zierikzee,1676,Schouwen-Duiveland
Zonnemaire,1676,Schouwen-Duiveland
Baneheide,0965,Simpelveld
Bocholtz,0965,Simpelveld
Simpelveld,0965,Simpelveld
Landhorst,1702,Sint Anthonis
Ledeacker,1702,Sint Anthonis
Oploo,1702,Sint Anthonis
Rijkevoort-De Walsert,1702,Sint Anthonis
Sint Anthonis,1702,Sint Anthonis
Stevensbeek,1702,Sint Anthonis
Wanroij,1702,Sint Anthonis
Westerbeek,1702,Sint Anthonis
Berlicum,0845,Sint-Michielsgestel
Den Dungen,0845,Sint-Michielsgestel
Gemonde,0845,Sint-Michielsgestel
Sint-Michielsgestel,0845,Sint-Michielsgestel
Born,1883,Sittard-Geleen
Buchten,1883,Sittard-Geleen
Einighausen,1883,Sittard-Geleen
Geleen,1883,Sittard-Geleen
Grevenbicht,1883,Sittard-Geleen
Guttecoven,1883,Sittard-Geleen
Holtum,1883,Sittard-Geleen
Limbricht,1883,Sittard-Geleen
Munstergeleen,1883,Sittard-Geleen
Obbicht,1883,Sittard-Geleen
Papenhoven,1883,Sittard-Geleen
Sittard,1883,Sittard-Geleen
Windraak,1883,Sittard-Geleen
Sliedrecht,0610,Sliedrecht
Aardenburg,1714,Sluis
Biervliet,1714,Sluis
Breskens,1714,Sluis
Cadzand,1714,Sluis
Eede,1714,Sluis
Groede,1714,Sluis
Hoofdplaat,1714,Sluis
IJzendijke,1714,Sluis
Nieuwvliet,1714,Sluis
Oostburg,1714,Sluis
Retranchement,1714,Sluis
Schoondijke,1714,Sluis
Sint Kruis,1714,Sluis
Sluis,1714,Sluis
Waterlandkerkje,1714,Sluis
Zuidzande,1714,Sluis
Boornbergum,0090,Smallingerland
De Tike,0090,Smallingerland
De Veenhoop,0090,Smallingerland
De Wilgen,0090,Smallingerland
Drachten,0090,Smallingerland
Drachtstercompagnie,0090,Smallingerland
Goengahuizen,0090,Smallingerland
Houtigehage,0090,Smallingerland
Kortehemmen,0090,Smallingerland
Nijega,0090,Smallingerland
Opeinde,0090,Smallingerland
Oudega,0090,Smallingerland
Rottevalle,0090,Smallingerland
Smalle Ee,0090,Smallingerland
Soest,0342,Soest
Soesterberg,0342,Soest
Lierop,0847,Someren
Someren,0847,Someren
Breugel,0848,Son en Breugel
Son,0848,Son en Breugel
Son en Breugel,0848,Son en Breugel
Alteveer,0037,Stadskanaal
Mussel,0037,Stadskanaal
Musselkanaal,0037,Stadskanaal
Onstwedde,0037,Stadskanaal
Stadskanaal,0037,Stadskanaal
Vledderveen,0037,Stadskanaal
IJhorst,0180,Staphorst
Punthorst,0180,Staphorst
Rouveen,0180,Staphorst
Staphorst,0180,Staphorst
Bovenkarspel,0532,Stede Broec
Grootebroek,0532,Stede Broec
Lutjebroek,0532,Stede Broec
De Heen,0851,Steenbergen
Dinteloord,0851,Steenbergen
Kruisland,0851,Steenbergen
Nieuw-Vossemeer,0851,Steenbergen
Steenbergen,0851,Steenbergen
Baarlo,1708,Steenwijkerland
Baars,1708,Steenwijkerland
Basse,1708,Steenwijkerland
Belt-Schutsloot,1708,Steenwijkerland
Blankenham,1708,Steenwijkerland
Blokzijl,1708,Steenwijkerland
De Bult,1708,Steenwijkerland
De Pol,1708,Steenwijkerland
Eesveen,1708,Steenwijkerland
Giethoorn,1708,Steenwijkerland
IJsselham,1708,Steenwijkerland
Kalenberg,1708,Steenwijkerland
Kallenkote,1708,Steenwijkerland
Kuinre,1708,Steenwijkerland
Marijenkampen,1708,Steenwijkerland
Nederland,1708,Steenwijkerland
Oldemarkt,1708,Steenwijkerland
Onna,1708,Steenwijkerland
Ossenzijl,1708,Steenwijkerland
Paasloo,1708,Steenwijkerland
Scheerwolde,1708,Steenwijkerland
Sint Jansklooster,1708,Steenwijkerland
Steenwijk,1708,Steenwijkerland
Steenwijkerwold,1708,Steenwijkerland
Tuk,1708,Steenwijkerland
Vollenhove,1708,Steenwijkerland
Wanneperveen,1708,Steenwijkerland
Wetering,1708,Steenwijkerland
Willemsoord,1708,Steenwijkerland
Witte Paarden,1708,Steenwijkerland
Zuidveen,1708,Steenwijkerland
Elsloo,0971,Stein
Stein,0971,Stein
Urmond,0971,Stein
Breukelen,1904,Stichtse Vecht
Kockengen,1904,Stichtse Vecht
Loenen aan de Vecht,1904,Stichtse Vecht
Loenersloot,1904,Stichtse Vecht
Maarssen,1904,Stichtse Vecht
Nieuwer Ter Aa,1904,Stichtse Vecht
Nieuwersluis,1904,Stichtse Vecht
Nigtevecht,1904,Stichtse Vecht
Oud Zuilen,1904,Stichtse Vecht
Tienhoven,1904,Stichtse Vecht
Vreeland,1904,Stichtse Vecht
Abbega,1900,Sudwest-Fryslan
Allingawier,1900,Sudwest-Fryslan
Arum,1900,Sudwest-Fryslan
Blauwhuis,1900,Sudwest-Fryslan
Boazum,1900,Sudwest-Fryslan
Bolsward,1900,Sudwest-Fryslan
Breezanddijk,1900,Sudwest-Fryslan
Britswert,1900,Sudwest-Fryslan
Burgwerd,1900,Sudwest-Fryslan
Cornwerd,1900,Sudwest-Fryslan
Dearsum,1900,Sudwest-Fryslan
Dedgum,1900,Sudwest-Fryslan
Easterein,1900,Sudwest-Fryslan
Easterwierrum,1900,Sudwest-Fryslan
Exmorra,1900,Sudwest-Fryslan
Ferwoude,1900,Sudwest-Fryslan
Folsgare,1900,Sudwest-Fryslan
Gaast,1900,Sudwest-Fryslan
Gaastmeer,1900,Sudwest-Fryslan
Gauw,1900,Sudwest-Fryslan
Goenga,1900,Sudwest-Fryslan
Greonterp,1900,Sudwest-Fryslan
Hartwerd,1900,Sudwest-Fryslan
Heeg,1900,Sudwest-Fryslan
Hemelum,1900,Sudwest-Fryslan
Hichtum,1900,Sudwest-Fryslan
Hidaard,1900,Sudwest-Fryslan
Hieslum,1900,Sudwest-Fryslan
Hindeloopen,1900,Sudwest-Fryslan
Hinnaard,1900,Sudwest-Fryslan
Hommerts,1900,Sudwest-Fryslan
IJlst,1900,Sudwest-Fryslan
Idsegahuizum,1900,Sudwest-Fryslan
Idzega,1900,Sudwest-Fryslan
Iens,1900,Sudwest-Fryslan
Indijk,1900,Sudwest-Fryslan
It Heidenskip,1900,Sudwest-Fryslan
Itens,1900,Sudwest-Fryslan
Jutrijp,1900,Sudwest-Fryslan
Kimswerd,1900,Sudwest-Fryslan
Kornwerderzand,1900,Sudwest-Fryslan
Koudum,1900,Sudwest-Fryslan
Koufurderrige,1900,Sudwest-Fryslan
Kubaard,1900,Sudwest-Fryslan
Lollum,1900,Sudwest-Fryslan
Longerhouw,1900,Sudwest-Fryslan
Loenga,1900,Sudwest-Fryslan
Lytsewierrum,1900,Sudwest-Fryslan
Makkum,1900,Sudwest-Fryslan
Molkwerum,1900,Sudwest-Fryslan
Nijhuizum,1900,Sudwest-Fryslan
Nijland,1900,Sudwest-Fryslan
Offingawier,1900,Sudwest-Fryslan
Oosthem,1900,Sudwest-Fryslan
Oppenhuizen,1900,Sudwest-Fryslan
Oudega,1900,Sudwest-Fryslan
Parrega,1900,Sudwest-Fryslan
Piaam,1900,Sudwest-Fryslan
Pingjum,1900,Sudwest-Fryslan
Poppenwier,1900,Sudwest-Fryslan
Raerd,1900,Sudwest-Fryslan
Reahus,1900,Sudwest-Fryslan
Rien,1900,Sudwest-Fryslan
Sandfirden,1900,Sudwest-Fryslan
Scharnegoutum,1900,Sudwest-Fryslan
Schettens,1900,Sudwest-Fryslan
Schraard,1900,Sudwest-Fryslan
Sibrandabuorren,1900,Sudwest-Fryslan
Smallebrugge,1900,Sudwest-Fryslan
Sneek,1900,Sudwest-Fryslan
Stavoren,1900,Sudwest-Fryslan
Tersoal,1900,Sudwest-Fryslan
Tirns,1900,Sudwest-Fryslan
Tjalhuizum,1900,Sudwest-Fryslan
Tjerkwerd,1900,Sudwest-Fryslan
Uitwellingerga,1900,Sudwest-Fryslan
Waaksens,1900,Sudwest-Fryslan
Warns,1900,Sudwest-Fryslan
Westhem,1900,Sudwest-Fryslan
Witmarsum,1900,Sudwest-Fryslan
Wiuwert,1900,Sudwest-Fryslan
Wolsum,1900,Sudwest-Fryslan
Wommels,1900,Sudwest-Fryslan
Wons,1900,Sudwest-Fryslan
Workum,1900,Sudwest-Fryslan
Woudsend,1900,Sudwest-Fryslan
Ypecolsga,1900,Sudwest-Fryslan
Ysbrechtum,1900,Sudwest-Fryslan
Zurich,1900,Sudwest-Fryslan
Axel,0715,Terneuzen
Biervliet,0715,Terneuzen
Hoek,0715,Terneuzen
Koewacht,0715,Terneuzen
Overslag,0715,Terneuzen
Philippine,0715,Terneuzen
Sas van Gent,0715,Terneuzen
Sluiskil,0715,Terneuzen
Spui,0715,Terneuzen
Terneuzen,0715,Terneuzen
Westdorpe,0715,Terneuzen
Zaamslag,0715,Terneuzen
Zuiddorpe,0715,Terneuzen
Baaiduinen,0093,Terschelling
Formerum,0093,Terschelling
Hee,0093,Terschelling
Hoorn,0093,Terschelling
Kaard,0093,Terschelling
Kinnum,0093,Terschelling
Landerum,0093,Terschelling
Lies,0093,Terschelling
Midsland,0093,Terschelling
Oosterend,0093,Terschelling
Striep,0093,Terschelling
West-Terschelling,0093,Terschelling
De Cocksdorp,0448,Texel
De Koog,0448,Texel
De Waal,0448,Texel
Den Burg,0448,Texel
Den Hoorn,0448,Texel
Oosterend,0448,Texel
Oudeschild,0448,Texel
Sassenheim,1525,Teylingen
Voorhout,1525,Teylingen
Warmond,1525,Teylingen
Oud-Vossemeer,0716,Tholen
Poortvliet,0716,Tholen
Scherpenisse,0716,Tholen
Sint Philipsland,0716,Tholen
Sint-Annaland,0716,Tholen
Sint-Maartensdijk,0716,Tholen
Stavenisse,0716,Tholen
Tholen,0716,Tholen
Kapel Avezaath,0281,Tiel
Kerk Avezaath,0281,Tiel
Tiel,0281,Tiel
Wadenoijen,0281,Tiel
Zennewijnen,0281,Tiel
Berkel-Enschot,0855,Tilburg
Tilburg,0855,Tilburg
Udenhout,0855,Tilburg
Albergen,0183,Tubbergen
Fleringen,0183,Tubbergen
Geesteren,0183,Tubbergen
Haarle,0183,Tubbergen
Harbrinkhoek,0183,Tubbergen
Hezingen,0183,Tubbergen
Langeveen,0183,Tubbergen
Mander,0183,Tubbergen
Manderveen,0183,Tubbergen
Mariaparochie,0183,Tubbergen
Reutum,0183,Tubbergen
Tubbergen,0183,Tubbergen
Vasse,0183,Tubbergen
Bruinehaar,1700,Twenterand
Den Ham,1700,Twenterand
Geerdijk,1700,Twenterand
Kloosterhaar,1700,Twenterand
Sibculo,1700,Twenterand
Vriezenveen,1700,Twenterand
Vroomshoop,1700,Twenterand
Westerhaar-Vriezenveensewijk,1700,Twenterand
Bunne,1730,Tynaarlo
De Groeve,1730,Tynaarlo
De Punt,1730,Tynaarlo
Donderen,1730,Tynaarlo
Eelde,1730,Tynaarlo
Eelderwolde,1730,Tynaarlo
Midlaren,1730,Tynaarlo
Oudemolen,1730,Tynaarlo
Paterswolde,1730,Tynaarlo
Taarlo,1730,Tynaarlo
Tynaarlo,1730,Tynaarlo
Vries,1730,Tynaarlo
Winde,1730,Tynaarlo
Yde,1730,Tynaarlo
Zeegse,1730,Tynaarlo
Zeijen,1730,Tynaarlo
Zuidlaarderveen,1730,Tynaarlo
Zuidlaren,1730,Tynaarlo
Aldtsjerk,0737,Tytsjerksteradiel
Burgum,0737,Tytsjerksteradiel
Earnewald,0737,Tytsjerksteradiel
Eastermar,0737,Tytsjerksteradiel
Garyp,0737,Tytsjerksteradiel
Gytsjerk,0737,Tytsjerksteradiel
Hurdegaryp,0737,Tytsjerksteradiel
Jistrum,0737,Tytsjerksteradiel
Munein,0737,Tytsjerksteradiel
Noardburgum,0737,Tytsjerksteradiel
Oentsjerk,0737,Tytsjerksteradiel
Ryptsjerk,0737,Tytsjerksteradiel
Sumar,0737,Tytsjerksteradiel
Suwald,0737,Tytsjerksteradiel
Tytsjerk,0737,Tytsjerksteradiel
Wyns,0737,Tytsjerksteradiel
Odiliapeel,0856,Uden
Uden,0856,Uden
Volkel,0856,Uden
Uitgeest,0450,Uitgeest
De Kwakel,0451,Uithoorn
Uithoorn,0451,Uithoorn
Urk,0184,Urk
De Meern,0344,Utrecht
Haarzuilens,0344,Utrecht
Utrecht,0344,Utrecht
Vleuten,0344,Utrecht
Amerongen,1581,Utrechtse Heuvelrug
Doorn,1581,Utrechtse Heuvelrug
Driebergen-Rijsenburg,1581,Utrechtse Heuvelrug
Leersum,1581,Utrechtse Heuvelrug
Maarn,1581,Utrechtse Heuvelrug
Maarsbergen,1581,Utrechtse Heuvelrug
Overberg,1581,Utrechtse Heuvelrug
Lemiers,0981,Vaals
Vaals,0981,Vaals
Vijlen,0981,Vaals
Berg en Terblijt,0994,Valkenburg aan de Geul
Schin op Geul,0994,Valkenburg aan de Geul
Valkenburg,0994,Valkenburg aan de Geul
Walem,0994,Valkenburg aan de Geul
Valkenswaard,0858,Valkenswaard
Borgercompagnie,0047,Veendam
Veendam,0047,Veendam
Wildervank,0047,Veendam
Veenendaal,0345,Veenendaal
Aagtekerke,0717,Veere
Biggekerke,0717,Veere
Domburg,0717,Veere
Gapinge,0717,Veere
Grijpskerke,0717,Veere
Koudekerke,0717,Veere
Meliskerke,0717,Veere
Oostkapelle,0717,Veere
Serooskerke,0717,Veere
Veere,0717,Veere
Vrouwenpolder,0717,Veere
Westkapelle,0717,Veere
Zoutelande,0717,Veere
Veldhoven,0861,Veldhoven
Driehuis NH,0453,Velsen
IJmuiden,0453,Velsen
Santpoort-Noord,0453,Velsen
Santpoort-Zuid,0453,Velsen
Velsen-Noord,0453,Velsen
Velsen-Zuid,0453,Velsen
Velserbroek,0453,Velsen
Arcen,0983,Venlo
Belfeld,0983,Venlo
Lomm,0983,Venlo
Steyl,0983,Venlo
Tegelen,0983,Venlo
Velden,0983,Venlo
Venlo,0983,Venlo
Blitterswijck,0984,Venray
Castenray,0984,Venray
Geijsteren,0984,Venray
Heide,0984,Venray
Leunen,0984,Venray
Merselo,0984,Venray
Oirlo,0984,Venray
Oostrum,0984,Venray
Smakt,0984,Venray
Venray,0984,Venray
Veulen,0984,Venray
Vredepeel,0984,Venray
Wanssum,0984,Venray
Ysselsteyn,0984,Venray
Ameide,1961,Vijfheerenlanden
Everdingen,1961,Vijfheerenlanden
Hagestein,1961,Vijfheerenlanden
Hei- en Boeicop,1961,Vijfheerenlanden
Hoef en Haag,1961,Vijfheerenlanden
Kedichem,1961,Vijfheerenlanden
Leerbroek,1961,Vijfheerenlanden
Leerdam,1961,Vijfheerenlanden
Lexmond,1961,Vijfheerenlanden
Meerkerk,1961,Vijfheerenlanden
Nieuwland,1961,Vijfheerenlanden
Oosterwijk,1961,Vijfheerenlanden
Ossenwaard,1961,Vijfheerenlanden
Schoonrewoerd,1961,Vijfheerenlanden
Tienhoven aan de Lek,1961,Vijfheerenlanden
Vianen,1961,Vijfheerenlanden
Zijderveld,1961,Vijfheerenlanden
Vlaardingen,0622,Vlaardingen
Vlieland,0096,Vlieland
Oost-Souburg,0718,Vlissingen
Ritthem,0718,Vlissingen
Vlissingen,0718,Vlissingen
Klimmen,0986,Voerendaal
Ransdaal,0986,Voerendaal
Voerendaal,0986,Voerendaal
Voorschoten,0626,Voorschoten
Klarenbeek,0285,Voorst
Nijbroek,0285,Voorst
Steenenkamer,0285,Voorst
Terwolde,0285,Voorst
Teuge,0285,Voorst
Twello,0285,Voorst
Voorst,0285,Voorst
Wilp,0285,Voorst
Cromvoirt,0865,Vught
Vught,0865,Vught
Achlum,1949,Waadhoeke
Baaium,1949,Waadhoeke
Berltsum,1949,Waadhoeke
Bitgum,1949,Waadhoeke
Bitgummole,1949,Waadhoeke
Blessum,1949,Waadhoeke
Boer,1949,Waadhoeke
Boksum,1949,Waadhoeke
Deinum,1949,Waadhoeke
Dongjum,1949,Waadhoeke
Dronryp,1949,Waadhoeke
Firdgum,1949,Waadhoeke
Franeker,1949,Waadhoeke
Herbaijum,1949,Waadhoeke
Hitzum,1949,Waadhoeke
Ingelum,1949,Waadhoeke
Klooster Lidlum,1949,Waadhoeke
Marsum,1949,Waadhoeke
Menaam,1949,Waadhoeke
Minnertsga,1949,Waadhoeke
Nij Altoenae,1949,Waadhoeke
Oosterbierum,1949,Waadhoeke
Oudebildtzijl,1949,Waadhoeke
Peins,1949,Waadhoeke
Pietersbierum,1949,Waadhoeke
Ried,1949,Waadhoeke
Schalsum,1949,Waadhoeke
Sexbierum,1949,Waadhoeke
Skingen,1949,Waadhoeke
Slappeterp,1949,Waadhoeke
Spannum,1949,Waadhoeke
St.-Annaparochie,1949,Waadhoeke
St.-Jacobiparochie,1949,Waadhoeke
Tzum,1949,Waadhoeke
Tzummarum,1949,Waadhoeke
Vrouwenparochie,1949,Waadhoeke
Westhoek,1949,Waadhoeke
Wier,1949,Waadhoeke
Winsum,1949,Waadhoeke
Wjelsryp,1949,Waadhoeke
Zweins,1949,Waadhoeke
Waalre,0866,Waalre
Sprang-Capelle,0867,Waalwijk
Waalwijk,0867,Waalwijk
Waspik,0867,Waalwijk
Waddinxveen,0627,Waddinxveen
Wageningen,0289,Wageningen
Wassenaar,0629,Wassenaar
Broek in Waterland,0852,Waterland
Ilpendam,0852,Waterland
Katwoude,0852,Waterland
Marken,0852,Waterland
Monnickendam,0852,Waterland
Purmer,0852,Waterland
Uitdam,0852,Waterland
Watergang,0852,Waterland
Zuiderwoude,0852,Waterland
Stramproy,0988,Weert
Weert,0988,Weert
Weesp,0457,Weesp
Acquoy,1960,West Betuwe
Asperen,1960,West Betuwe
Beesd,1960,West Betuwe
Buurmalsen,1960,West Betuwe
Deil,1960,West Betuwe
Enspijk,1960,West Betuwe
Est,1960,West Betuwe
Geldermalsen,1960,West Betuwe
Gellicum,1960,West Betuwe
Haaften,1960,West Betuwe
Heesselt,1960,West Betuwe
Hellouw,1960,West Betuwe
Herwijnen,1960,West Betuwe
Heukelum,1960,West Betuwe
Meteren,1960,West Betuwe
Neerijnen,1960,West Betuwe
Ophemert,1960,West Betuwe
Opijnen,1960,West Betuwe
Rhenoy,1960,West Betuwe
Rumpt,1960,West Betuwe
Spijk,1960,West Betuwe
Tricht,1960,West Betuwe
Tuil,1960,West Betuwe
Varik,1960,West Betuwe
Vuren,1960,West Betuwe
Waardenburg,1960,West Betuwe
Zennewijnen,1960,West Betuwe
Alphen,0668,West Maas en Waal
Altforst,0668,West Maas en Waal
Appeltern,0668,West Maas en Waal
Beneden-Leeuwen,0668,West Maas en Waal
Boven-Leeuwen,0668,West Maas en Waal
Dreumel,0668,West Maas en Waal
Maasbommel,0668,West Maas en Waal
Wamel,0668,West Maas en Waal
Aduard,1969,Westerkwartier
Boerakker,1969,Westerkwartier
Briltil,1969,Westerkwartier
De Wilp,1969,Westerkwartier
Den Ham,1969,Westerkwartier
Den Horn,1969,Westerkwartier
Doezum,1969,Westerkwartier
Enumatil,1969,Westerkwartier
Ezinge,1969,Westerkwartier
Feerwerd,1969,Westerkwartier
Garnwerd,1969,Westerkwartier
Grijpskerk,1969,Westerkwartier
Grootegast,1969,Westerkwartier
Jonkersvaart,1969,Westerkwartier
Kommerzijl,1969,Westerkwartier
Kornhorn,1969,Westerkwartier
Lauwerzijl,1969,Westerkwartier
Leek,1969,Westerkwartier
Lettelbert,1969,Westerkwartier
Lucaswolde,1969,Westerkwartier
Lutjegast,1969,Westerkwartier
Marum,1969,Westerkwartier
Midwolde,1969,Westerkwartier
Niebert,1969,Westerkwartier
Niehove,1969,Westerkwartier
Niekerk,1969,Westerkwartier
Niezijl,1969,Westerkwartier
Noordhorn,1969,Westerkwartier
Noordwijk,1969,Westerkwartier
Nuis,1969,Westerkwartier
Oldehove,1969,Westerkwartier
Oldekerk,1969,Westerkwartier
Oostwold,1969,Westerkwartier
Opende,1969,Westerkwartier
Pieterzijl,1969,Westerkwartier
Saaksum,1969,Westerkwartier
Sebaldeburen,1969,Westerkwartier
Tolbert,1969,Westerkwartier
Visvliet,1969,Westerkwartier
Zevenhuizen,1969,Westerkwartier
Zuidhorn,1969,Westerkwartier
Ansen,1701,Westerveld
Boschoord,1701,Westerveld
Darp,1701,Westerveld
Diever,1701,Westerveld
Dieverbrug,1701,Westerveld
Doldersum,1701,Westerveld
Dwingeloo,1701,Westerveld
Frederiksoord,1701,Westerveld
Geeuwenbrug,1701,Westerveld
Havelte,1701,Westerveld
Havelterberg,1701,Westerveld
Hoogersmilde,1701,Westerveld
Nijensleek,1701,Westerveld
Oude Willem,1701,Westerveld
Pesse,1701,Westerveld
Ruinen,1701,Westerveld
Spier,1701,Westerveld
Uffelte,1701,Westerveld
Vledder,1701,Westerveld
Vledderveen,1701,Westerveld
Wapse,1701,Westerveld
Wapserveen,1701,Westerveld
Wateren,1701,Westerveld
Wilhelminaoord,1701,Westerveld
Wittelte,1701,Westerveld
Zorgvlied,1701,Westerveld
Westervoort,0293,Westervoort
Bellingwolde,1950,Westerwolde
Blijham,1950,Westerwolde
Bourtange,1950,Westerwolde
Oudeschans,1950,Westerwolde
Sellingen,1950,Westerwolde
Ter Apel,1950,Westerwolde
Ter Apelkanaal,1950,Westerwolde
Veelerveen,1950,Westerwolde
Vlagtwedde,1950,Westerwolde
Vriescheloo,1950,Westerwolde
Wedde,1950,Westerwolde
's-Gravenzande,1783,Westland
De Lier,1783,Westland
Honselersdijk,1783,Westland
Kwintsheul,1783,Westland
Maasdijk,1783,Westland
Monster,1783,Westland
Naaldwijk,1783,Westland
Poeldijk,1783,Westland
Ter Heijde,1783,Westland
Wateringen,1783,Westland
Blesdijke,0098,Weststellingwerf
Boijl,0098,Weststellingwerf
De Blesse,0098,Weststellingwerf
De Hoeve,0098,Weststellingwerf
Langelille,0098,Weststellingwerf
Munnekeburen,0098,Weststellingwerf
Nijeholtpade,0098,Weststellingwerf
Nijeholtwolde,0098,Weststellingwerf
Nijelamer,0098,Weststellingwerf
Nijetrijne,0098,Weststellingwerf
Noordwolde,0098,Weststellingwerf
Oldeholtpade,0098,Weststellingwerf
Oldeholtwolde,0098,Weststellingwerf
Oldelamer,0098,Weststellingwerf
Oldetrijne,0098,Weststellingwerf
Oosterstreek,0098,Weststellingwerf
Peperga,0098,Weststellingwerf
Scherpenzeel,0098,Weststellingwerf
Slijkenburg,0098,Weststellingwerf
Sonnega,0098,Weststellingwerf
Spanga,0098,Weststellingwerf
Steggerda,0098,Weststellingwerf
Ter Idzard,0098,Weststellingwerf
Vinkega,0098,Weststellingwerf
Wolvega,0098,Weststellingwerf
Zandhuizen,0098,Weststellingwerf
Oostvoorne,0614,Westvoorne
Rockanje,0614,Westvoorne
Tinte,0614,Westvoorne
Enter,0189,Wierden
Hoge Hexel,0189,Wierden
Notter,0189,Wierden
Wierden,0189,Wierden
Zuna,0189,Wierden
Balgoij,0296,Wijchen
Batenburg,0296,Wijchen
Bergharen,0296,Wijchen
Hernen,0296,Wijchen
Leur,0296,Wijchen
Niftrik,0296,Wijchen
Wijchen,0296,Wijchen
's-Graveland,1696,Wijdemeren
Ankeveen,1696,Wijdemeren
Breukeleveen,1696,Wijdemeren
Kortenhoef,1696,Wijdemeren
Loosdrecht,1696,Wijdemeren
Nederhorst den Berg,1696,Wijdemeren
Cothen,0352,Wijk bij Duurstede
Langbroek,0352,Wijk bij Duurstede
Wijk bij Duurstede,0352,Wijk bij Duurstede
Winterswijk,0294,Winterswijk
Winterswijk Brinkheurne,0294,Winterswijk
Winterswijk Corle,0294,Winterswijk
Winterswijk Henxel,0294,Winterswijk
Winterswijk Huppel,0294,Winterswijk
Winterswijk Kotten,0294,Winterswijk
Winterswijk Meddo,0294,Winterswijk
Winterswijk Miste,0294,Winterswijk
Winterswijk Ratum,0294,Winterswijk
Winterswijk Woold,0294,Winterswijk
Hoogerheide,0873,Woensdrecht
Huijbergen,0873,Woensdrecht
Ossendrecht,0873,Woensdrecht
Putte,0873,Woensdrecht
Woensdrecht,0873,Woensdrecht
Harmelen,0632,Woerden
Kamerik,0632,Woerden
Woerden,0632,Woerden
Zegveld,0632,Woerden
Jisp,0880,Wormerland
Oostknollendam,0880,Wormerland
Spijkerboor,0880,Wormerland
Wijdewormer,0880,Wormerland
Wormer,0880,Wormerland
Woudenberg,0351,Woudenberg
Assendelft,0479,Zaanstad
Koog aan de Zaan,0479,Zaanstad
Krommenie,0479,Zaanstad
Westknollendam,0479,Zaanstad
Westzaan,0479,Zaanstad
Wormerveer,0479,Zaanstad
Zaandam,0479,Zaanstad
Zaandijk,0479,Zaanstad
Aalst,0297,Zaltbommel
Bern,0297,Zaltbommel
Brakel,0297,Zaltbommel
Bruchem,0297,Zaltbommel
Delwijnen,0297,Zaltbommel
Gameren,0297,Zaltbommel
Kerkwijk,0297,Zaltbommel
Nederhemert,0297,Zaltbommel
Nieuwaal,0297,Zaltbommel
Poederoijen,0297,Zaltbommel
Zaltbommel,0297,Zaltbommel
Zuilichem,0297,Zaltbommel
Bentveld,0473,Zandvoort
Zandvoort,0473,Zandvoort
Zeewolde,0050,Zeewolde
Austerlitz,0355,Zeist
Bosch en Duin,0355,Zeist
Den Dolder,0355,Zeist
Huis ter Heide,0355,Zeist
Zeist,0355,Zeist
Aerdt,0299,Zevenaar
Angerlo,0299,Zevenaar
Babberich,0299,Zevenaar
Giesbeek,0299,Zevenaar
Herwen,0299,Zevenaar
Lathum,0299,Zevenaar
Lobith,0299,Zevenaar
Pannerden,0299,Zevenaar
Spijk,0299,Zevenaar
Tolkamer,0299,Zevenaar
Zevenaar,0299,Zevenaar
Zoetermeer,0637,Zoetermeer
Gelderswoude,0638,Zoeterwoude
Zoeterwoude,0638,Zoeterwoude
Moerkapelle,1892,Zuidplas
Moordrecht,1892,Zuidplas
Nieuwerkerk aan den IJssel,1892,Zuidplas
Zevenhuizen,1892,Zuidplas
Achtmaal,0879,Zundert
Klein Zundert,0879,Zundert
Rijsbergen,0879,Zundert
Wernhout,0879,Zundert
Zundert,0879,Zundert
Warnsveld,0301,Zutphen
Zutphen,0301,Zutphen
Genemuiden,1896,Zwartewaterland
Hasselt,1896,Zwartewaterland
Mastenbroek,1896,Zwartewaterland
Zwartsluis,1896,Zwartewaterland
Heerjansdam,0642,Zwijndrecht
Zwijndrecht,0642,Zwijndrecht
Zwolle,0193,Zwolle
